split,class_i,branch_i,kind_i,class_j,branch_j,kind_j,center_l2_distance,center_sq_distance,subspace_overlap_fro,mean_cos2_principal,min_principal_angle_deg
0,0,0,root,0,1,extra,0.4685690203570408,0.21955692683835693,5.019379521984545,0.39365891852684065,2.3113736660606454
0,0,0,root,0,2,extra,0.264313093211726,0.06986141124315057,5.383351776400769,0.452819942944958,2.7097701381913613
0,0,0,root,1,0,root,0.3909034508829833,0.15280550791222494,3.4479679142929096,0.24767672370819582,12.770434072398517
0,0,0,root,1,1,extra,0.5636156058002294,0.31766255110155955,3.2639540336728476,0.22194574862352612,13.314855276214486
0,0,0,root,1,2,extra,0.5580643351776994,0.3114358021973277,2.899128660878487,0.17510306234014772,14.585478203792302
0,0,0,root,2,0,root,0.5672881814527231,0.3218158808159377,3.339372676596677,0.17424077926875706,16.66321632403321
0,0,0,root,2,1,extra,0.472033038919127,0.22281518983122606,3.2648407995177027,0.16654977259680293,17.66372592016052
0,0,0,root,2,2,extra,0.9765576920887145,0.9536649259776366,2.5258258962128077,0.09968431965592552,16.409665596197193
0,0,0,root,3,0,root,0.7493366307412734,0.5615053861706838,2.848652604444675,0.16905878460019652,23.806763241953043
0,0,0,root,3,1,extra,1.187041557531422,1.4090676593066238,2.0815109904092233,0.09026433339988305,39.90096725247154
0,0,0,root,3,2,extra,0.8315342851809153,0.6914492674313357,2.533179163298326,0.13368743069518352,26.98746450753492
0,0,0,root,4,0,root,0.8358179951138132,0.6985917209560744,2.681097213794492,0.11231691046588421,28.574026013299026
0,0,0,root,4,1,extra,1.226805637464403,1.5050520721144398,1.814966595675369,0.05147037099089749,42.440249849969256
0,0,0,root,4,2,extra,0.7014731434198237,0.49206457093928846,2.5479093420957395,0.1014350314927929,30.10875527193598
0,0,1,extra,0,2,extra,0.33297161617840343,0.11087009718045801,5.856380403657026,0.5358936161302816,0.0
0,0,1,extra,1,0,root,0.6591853540266972,0.43452533096330215,3.363731962044509,0.2357227648433293,13.966878597614134
0,0,1,extra,1,1,extra,0.3994944427280267,0.15959580977057658,3.3100406300128262,0.2282576869236607,12.797564875993542
0,0,1,extra,1,2,extra,0.8645132895868047,0.7473832278721987,2.751189282506536,0.15768838475372568,13.547442686009905
0,0,1,extra,2,0,root,0.8895795521418728,0.7913517795889349,2.8198599832516344,0.12424391133037357,17.75744743999493
0,0,1,extra,2,1,extra,0.45186307875622395,0.2041802419430534,3.0135130794048677,0.1418947043710033,18.26221991332214
0,0,1,extra,2,2,extra,1.2837553377229636,1.6480277671322003,2.1173975943260044,0.07005269644464922,17.878795510204363
0,0,1,extra,3,0,root,1.0845411416707629,1.1762294879765218,2.438440989730978,0.12387488459167066,25.462254196146652
0,0,1,extra,3,1,extra,1.4843188386198398,2.2032024146817504,1.619897761071527,0.054668099090094686,41.440145415608946
0,0,1,extra,3,2,extra,1.0083987308282265,1.0168680003359785,2.411945728971749,0.12119754582302218,26.903947264820534
0,0,1,extra,4,0,root,1.1800214854321638,1.3924507060815303,2.2519684374250812,0.07924002879935568,31.975400647341633
0,0,1,extra,4,1,extra,1.5181440394527674,2.3047613245259657,1.3918568089303205,0.030269771508838982,50.525243300782954
0,0,1,extra,4,2,extra,1.010189999002705,1.020483834085085,2.290269861166223,0.08195837557759922,33.88059085673474
0,0,2,extra,1,0,root,0.517807642161337,0.2681247542806832,3.3040112534629937,0.2274268825627105,13.37954316734834
0,0,2,extra,1,1,extra,0.49172644991567027,0.24179490154666816,3.2541872235179303,0.2206194684522362,13.125188428227121
0,0,2,extra,1,2,extra,0.6871532968727438,0.4721796534030812,2.8487880472094456,0.16907486120673768,12.624938675503442
0,0,2,extra,2,0,root,0.7074200435633053,0.5004431180351085,3.081303918807253,0.1483505287508897,15.710857744824134
0,0,2,extra,2,1,extra,0.4539943221497494,0.20611084454421041,3.1201303489199077,0.15211270928517293,15.43770303311157
0,0,2,extra,2,2,extra,1.1103560859804775,1.2328906376738853,2.1869190089717803,0.07472835549690808,16.38059530369499
0,0,2,extra,3,0,root,0.9080439363354799,0.8245437903156332,2.5349243272967117,0.13387169469001434,25.69675200332443
0,0,2,extra,3,1,extra,1.3166796168742174,1.7336452134920364,1.6222650908472207,0.05482800052044878,42.64767843972339
0,0,2,extra,3,2,extra,0.9357354127881402,0.8756007627457911,2.3818826897783367,0.11819510724720168,26.36272133144863
0,0,2,extra,4,0,root,0.9856632591302945,0.9715320603993542,2.4411978738022344,0.0931163602977586,30.73927625501801
0,0,2,extra,4,1,extra,1.3523386641881208,1.8288198626581114,1.4716388774434372,0.033839390400046555,47.09650428575565
0,0,2,extra,4,2,extra,0.8398171302680684,0.7052928122916939,2.34712933739704,0.08607837697609166,31.513298368561976
0,1,0,root,1,1,extra,0.5594004450967381,0.31292885797442876,4.436073523045263,0.4099739229554835,3.538219276207925
0,1,0,root,1,2,extra,0.3653935681720688,0.13351245966151631,4.9072342239541396,0.5016864110155582,0.7216798616905336
0,1,0,root,2,0,root,0.49326280465154854,0.24330819445271168,3.194675641068376,0.21262400940907578,17.15886965557845
0,1,0,root,2,1,extra,0.5611025017782983,0.3148360175018653,2.775145266543507,0.16044648438372566,20.95924757501051
0,1,0,root,2,2,extra,0.8755454356141024,0.7665798098246881,2.5304213851685957,0.13339650805246991,18.15264281648023
0,1,0,root,3,0,root,0.6601364550941627,0.4357801393442875,2.7007153959279044,0.15195549270420874,25.326952885293448
0,1,0,root,3,1,extra,1.0882068526364355,1.1841941541248966,2.1247568907961094,0.09405399677053228,36.431558649968636
0,1,0,root,3,2,extra,0.8244531634591168,0.6797230187377452,2.1713352311789342,0.0982228476283099,29.363297548756595
0,1,0,root,4,0,root,0.742672754589566,0.5515628204096538,2.5522231058394214,0.1357050579579296,28.016588434872226
0,1,0,root,4,1,extra,1.1280501687013464,1.272497183107136,1.7803624764131922,0.06603521973791908,41.49221773757368
0,1,0,root,4,2,extra,0.6452968063706094,0.4164079683121078,2.255417646850905,0.10597726586930149,30.814094551889895
0,1,1,extra,1,2,extra,0.8232143277412206,0.6776818293984299,3.3778297284052536,0.23770278487704818,0.5558243957001576
0,1,1,extra,2,0,root,0.9220440854614029,0.850165295534355,2.430762135674957,0.12309592833814749,21.16389314599753
0,1,1,extra,2,1,extra,0.4886192934306058,0.23874881391262442,3.0426475729659512,0.1928688386099083,20.311193178469942
0,1,1,extra,2,2,extra,1.3182744210110877,1.7378474490921185,1.9176763720962,0.07661422225200092,22.92469096260563
0,1,1,extra,3,0,root,1.0937583050792048,1.196307229929735,2.008048520505695,0.08400539293135655,29.19221972389256
0,1,1,extra,3,1,extra,1.5129887570365192,2.2891349789189115,1.3815853722618783,0.03976621126766653,46.479950013091646
0,1,1,extra,3,2,extra,0.9711367120589846,0.9431065135087352,2.1667428692804407,0.0978078054495341,30.830540545265542
0,1,1,extra,4,0,root,1.1983462922014556,1.4360338360329767,1.905193095465663,0.07562001522937571,33.9591917563064
0,1,1,extra,4,1,extra,1.5441877688336247,2.3845158654153686,1.1617050432336005,0.028115804322382938,59.378257729311414
0,1,1,extra,4,2,extra,1.0084905100410926,1.0170531088429426,2.102704046766885,0.09211175642270497,35.87469709441478
0,1,2,extra,2,0,root,0.3960041319448478,0.15681927251739242,3.0588904143956768,0.1949335534850366,18.86209038027349
0,1,2,extra,2,1,extra,0.7837469683499835,0.6142593103977898,2.049122392758478,0.08747713709383813,23.006988740064962
0,1,2,extra,2,2,extra,0.6451569778368723,0.4162275260516065,2.6737257469222033,0.14893352853655614,18.68485040365709
0,1,2,extra,3,0,root,0.5537437914185558,0.3066321865345971,2.429931538417761,0.12301181836244385,29.368216111107213
0,1,2,extra,3,1,extra,0.878559795866017,0.7718673149121372,2.2003594046241366,0.10086628144828931,35.2401095644901
0,1,2,extra,3,2,extra,0.9548443993721831,0.9117278270124254,1.640736119239002,0.05608364610365543,32.41577344333176
0,1,2,extra,4,0,root,0.585046547881096,0.34227946318758773,2.408393028987746,0.12084077045993276,31.663035875511135
0,1,2,extra,4,1,extra,0.9285234826326172,0.8621558578002042,1.9278440840485465,0.07742880859168703,40.25085333115948
0,1,2,extra,4,2,extra,0.6272411080183976,0.39343140758814715,2.029411669983287,0.08580232763050744,33.18209170085909
0,2,0,root,2,1,extra,0.7200828853825109,0.5185193618208023,4.665706515067465,0.34013777007410906,0.6082125632596952
0,2,0,root,2,2,extra,0.5093090124122968,0.2593956701243889,5.179153284674943,0.4191191991587384,0.5229146301294697
0,2,0,root,3,0,root,0.4417666160266419,0.1951577430356305,3.271223875874974,0.22293553429363508,23.063501549173345
0,2,0,root,3,1,extra,0.7714622439507581,0.595153993841539,2.9692149655150377,0.18367161482163474,27.16993764720584
0,2,0,root,3,2,extra,0.9450741609504477,0.8931651696961932,2.354523477436143,0.11549543345412472,29.018541327803984
0,2,0,root,4,0,root,0.4284842358882584,0.1835987404047447,3.19856656343593,0.15985668844891157,24.24253731381565
0,2,0,root,4,1,extra,0.8210534168137417,0.6741287132615199,2.3456951652337223,0.08597321575313843,28.234741857874006
0,2,0,root,4,2,extra,0.5196250662685722,0.27001020949461807,2.502000731308239,0.09781261967917129,27.856809201849757
0,2,1,extra,2,2,extra,1.1709050900438056,1.3710187298904926,2.8086021141041373,0.12325384117734736,0.8993056487967354
0,2,1,extra,3,0,root,0.9652114061511321,0.9316330585642456,2.1684964005327103,0.09796617998173585,30.565106456187134
0,2,1,extra,3,1,extra,1.3758796235461486,1.8930447384894917,1.410233029209187,0.04143244159734415,50.27140453580985
0,2,1,extra,3,2,extra,0.9460766241189402,0.8950609787042907,2.3732088123318538,0.11733583472769936,30.387878665315146
0,2,1,extra,4,0,root,1.0387209237083912,1.0789411573496137,2.1913833900954955,0.0750337681622879,33.739832231866146
0,2,1,extra,4,1,extra,1.4088792460649413,1.984940729992517,1.4723701812117813,0.033873030476900226,50.885590022764525
0,2,1,extra,4,2,extra,0.857681726109999,0.7356179433030274,2.4058360382828345,0.09043823504844443,34.711150671739006
0,2,2,extra,3,0,root,0.5490672728056949,0.3014748700662835,2.617253954694061,0.1427087138200355,25.679107325968147
0,2,2,extra,3,1,extra,0.4988561272408635,0.24885743568575258,2.5579350595612267,0.13631316185276032,29.20553704371813
0,2,2,extra,3,2,extra,1.2248850997952294,1.5003435077003688,1.597309392176243,0.053154110298634094,32.94883960674898
0,2,2,extra,4,0,root,0.4460928641719871,0.19899884346516694,2.8897211220412298,0.13047637754955038,26.095061912680094
0,2,2,extra,4,1,extra,0.5644300570811036,0.31858128933657787,2.3510250967880824,0.08636435946449084,28.242722327040003
0,2,2,extra,4,2,extra,0.7465227458458056,0.5572962100651613,2.1930133956231272,0.07514543364660126,29.865965651291113
0,3,0,root,3,1,extra,0.6395490736505991,0.4090230176073395,4.633840263063294,0.447343241324719,0.8170998867864891
0,3,0,root,3,2,extra,0.7886530767220697,0.6219736754231868,3.744479894124062,0.2921068682812363,0.9864125335893245
0,3,0,root,4,0,root,0.4198904649687054,0.17630800257163562,3.0002842761433457,0.18753553620152083,25.236773664588913
0,3,0,root,4,1,extra,0.7594303555224469,0.5767344648889501,2.3518767444589,0.11523592127347071,33.125918959345846
0,3,0,root,4,2,extra,0.5676552141111895,0.3222324421076203,2.2965854298028052,0.10988134659130282,27.345438825987063
0,3,1,extra,3,2,extra,1.3840631836305328,1.915630896281486,2.0641656359573006,0.08876624526389605,5.618198554740229
0,3,1,extra,4,0,root,0.6171367771839669,0.3808578017530131,2.4519941738416007,0.12525573809485743,30.297871678337643
0,3,1,extra,4,1,extra,0.55148835651199,0.3041394073682958,2.1728094783540874,0.09835627144219504,30.14423473979155
0,3,1,extra,4,2,extra,0.964719098153659,0.9306829383424089,1.7256764219626113,0.062040814860785026,37.0479248225429
0,3,2,extra,4,0,root,1.0611916510793085,1.1261277203204285,1.9954667071965566,0.08295598707353898,37.27227001594276
0,3,2,extra,4,1,extra,1.4188281640882092,2.013073359209918,1.2624486078680646,0.033203676823083644,52.84911615068921
0,3,2,extra,4,2,extra,0.872717330840272,0.7616355395489688,2.0827260806941466,0.09036974848340835,37.821873306234885
0,4,0,root,4,1,extra,0.5592699802983235,0.3127829108628872,4.568491660442405,0.3261111883051844,0.6203094062814936
0,4,0,root,4,2,extra,0.5185162464914499,0.26885909787558204,4.807236164871754,0.36108624288829505,0.5594473786422662
0,4,1,extra,4,2,extra,0.970502346675017,0.9418748049017147,4.1386535702066904,0.2676320839716341,0.0
1,0,0,root,0,1,extra,0.32826404685107646,0.10775728445504573,3.9848096020152552,0.4962096113847808,3.5532874051812566
1,0,0,root,1,0,root,0.4530659305448587,0.20526873742047871,2.685655737499238,0.2253983356363305,15.650647246037677
1,0,0,root,1,1,extra,0.5644259464698064,0.3185766490483367,2.6792652472753082,0.22432694578928797,15.225396836893086
1,0,0,root,1,2,extra,0.6038139813766603,0.36459132410593387,2.4182191834637288,0.1827432506022494,21.313825740586715
1,0,0,root,2,0,root,0.5364513247704614,0.28778002384798307,2.3813156947137832,0.17720826368406847,18.06934025156689
1,0,0,root,2,1,extra,0.8944899941674651,0.8001123496657118,2.1140713716953012,0.13966555514442658,18.186752814286702
1,0,0,root,2,2,extra,0.42904230496692863,0.18407729945133502,2.331749255652635,0.16990795597614422,19.735452909501774
1,0,0,root,3,0,root,0.769072015925264,0.5914717656793493,2.264967498673202,0.16031493031393565,26.05487821630309
1,0,0,root,3,1,extra,1.1368095034370143,1.2923358471047108,1.7767370067264547,0.09864982472097752,38.03283909042619
1,0,0,root,4,0,root,0.8002357942017326,0.6403773263216778,1.942171622096583,0.11787595655241476,29.652497453891947
1,0,0,root,4,1,extra,1.1433972472619487,1.3073572650462015,1.5795839538354262,0.07797142085044866,42.30217414396802
1,0,1,extra,1,0,root,0.6425650019889539,0.4128897817810642,2.450641388494379,0.18767635046880182,17.285993638239784
1,0,1,extra,1,1,extra,0.514265139880982,0.2644686340968059,2.4571107767111924,0.18866854278219614,16.90893281829195
1,0,1,extra,1,2,extra,0.7330289467428391,0.5373314367629161,2.3208049606950794,0.16831673954959037,21.36932985448209
1,0,1,extra,2,0,root,0.6679639466323403,0.44617583400065186,2.4426215256938257,0.18644999743071355,18.91951079682113
1,0,1,extra,2,1,extra,1.0222496249775381,1.0449942957667173,2.2934398627022676,0.1643708251197437,17.976340650699974
1,0,1,extra,2,2,extra,0.4427091861828051,0.19599142353064158,2.3881552321486907,0.17822766915122393,20.48059505120315
1,0,1,extra,3,0,root,0.9333457382668167,0.8711342671408293,2.279495184099531,0.16237807169790483,30.08817614352449
1,0,1,extra,3,1,extra,1.2566450870993031,1.5791568749308151,1.8637459138343442,0.10854840097919422,39.942331566860254
1,0,1,extra,4,0,root,0.9615216200513124,0.9245238258261006,2.02487079849926,0.12812817970671972,30.629113124732953
1,0,1,extra,4,1,extra,1.266206620549676,1.603279205923831,1.6396659082086578,0.08401575907942882,45.458648252137074
1,1,0,root,1,1,extra,0.6379360934670275,0.40696245934797215,3.6029160016992408,0.40565636610313893,2.6721440683388704
1,1,0,root,1,2,extra,0.40129161223389426,0.16103495804927817,3.739273782718779,0.43694276319150005,1.260596307124773
1,1,0,root,2,0,root,0.465548830257064,0.21673571335372063,2.5171229928939884,0.1979971300423622,18.37927424229918
1,1,0,root,2,1,extra,0.7678212862365964,0.5895495275980214,2.1689075402471465,0.14700499744190398,21.108854398039245
1,1,0,root,2,2,extra,0.5883182317419353,0.3461183417999575,1.9857905266095486,0.12323012548663205,22.28299113820893
1,1,0,root,3,0,root,0.6427117374320268,0.41307837743289455,2.1470632727296537,0.14405877178451792,29.18117804558266
1,1,0,root,3,1,extra,1.0082343780725975,1.0165365611274382,1.8093470187919758,0.10230426982535655,38.28445579425342
1,1,0,root,4,0,root,0.6720975796497792,0.4517151565710914,1.9311999934330686,0.11654791920737134,29.000859076092265
1,1,0,root,4,1,extra,1.0135632133767865,1.0273103875106773,1.5963992649119487,0.07964033165660658,44.62725744577209
1,1,1,extra,1,2,extra,0.8370946046168953,0.7007273770787164,2.9381069945881726,0.2697647722389982,3.1502539336110096
1,1,1,extra,2,0,root,0.843977698122766,0.7122983549286025,1.8004106920520957,0.10129620812673454,22.632015767939187
1,1,1,extra,2,1,extra,1.2157863292542597,1.478136398401547,1.623426902545861,0.0823598408721765,24.16462198419742
1,1,1,extra,2,2,extra,0.5117919036425763,0.26193095263409216,2.065814437865458,0.13336216536541803,23.166537064270514
1,1,1,extra,3,0,root,1.081373345203815,1.1693683117172895,1.6690323864742405,0.08705215959687185,32.460242386293736
1,1,1,extra,3,1,extra,1.4359655942481238,2.0619971878643675,1.2436261355803542,0.04833143640932893,42.09904523321078
1,1,1,extra,4,0,root,1.135137594437954,1.2885373583063853,1.482212919420371,0.06865484807802062,32.45400811528639
1,1,1,extra,4,1,extra,1.4454825105425193,2.089419688284305,1.1295508785298953,0.039871412099614326,51.72396781058556
1,1,2,extra,2,0,root,0.3910689135468046,0.15293489514267813,2.4956310041638248,0.19463044090449189,24.770871637398074
1,1,2,extra,2,1,extra,0.5589863399890646,0.31246572829437014,2.256722937111084,0.15914995046510244,26.479893995967295
1,1,2,extra,2,2,extra,0.7420650338034162,0.5506605143936651,1.7313236042768287,0.09367129446019089,28.22690348033676
1,1,2,extra,3,0,root,0.5465932833505174,0.29876421740389897,2.14041423663505,0.1431679095121876,34.42440820913728
1,1,2,extra,3,1,extra,0.8099095588514066,0.6559534935188802,2.026634488214585,0.12835147965064977,37.8210712675657
1,1,2,extra,4,0,root,0.544191234888562,0.2961441001295381,1.9662052607011218,0.12081134772527392,35.79255972765658
1,1,2,extra,4,1,extra,0.8250494788291668,0.6807066425162798,1.8027306526747995,0.10155743144041589,44.796125716562685
1,2,0,root,2,1,extra,0.48048023270283763,0.230861254018173,4.000239425531345,0.5000598581742293,1.1095346161021649
1,2,0,root,2,2,extra,0.5967693016939317,0.35613359944426287,3.4709287704398024,0.3764795790458363,1.6960208587798693
1,2,0,root,3,0,root,0.4531996987831448,0.2053899669771332,2.790442183085011,0.24333023678563254,24.115073021520328
1,2,0,root,3,1,extra,0.767136564236778,0.5884985081890082,2.468653940169451,0.1904453836348174,28.195658087348363
1,2,0,root,4,0,root,0.4431812466702441,0.1964096174001918,2.535565825157566,0.20090918917834275,24.28705146802857
1,2,0,root,4,1,extra,0.7702741417429679,0.593322253437866,2.17408936253549,0.14770826738406168,27.309058499738526
1,2,1,extra,2,2,extra,1.0106388375652178,1.0213908599951744,2.7760490584841446,0.2408265117222097,5.191864495923623
1,2,1,extra,3,0,root,0.4458286594986659,0.1987631936303774,2.720649104131524,0.2313103608691145,26.18064355981784
1,2,1,extra,3,1,extra,0.48839362470379877,0.238528332651315,2.420563431112075,0.1830977288761581,29.39154584704711
1,2,1,extra,4,0,root,0.42162376051763656,0.17776659543303336,2.361983119425564,0.17434263301410363,25.78351125843906
1,2,1,extra,4,1,extra,0.48878762114979185,0.23891333858927244,2.26751449006011,0.16067568633226753,26.979328548123615
1,2,2,extra,3,0,root,0.8977134736297543,0.8058894807363994,1.9665375988018496,0.12085219148441703,31.41379253027621
1,2,2,extra,3,1,extra,1.2510507599384333,1.5651280039425313,1.5466801076137744,0.0747568548527549,35.76881183209346
1,2,2,extra,4,0,root,0.9331322711779408,0.8707358355137023,1.7833711917821586,0.09938790023995366,31.085940736517315
1,2,2,extra,4,1,extra,1.2580880579473748,1.5827855615497972,1.3125314106759784,0.053835584500346076,44.20880084119047
1,3,0,root,3,1,extra,0.5428243254018431,0.29465824824796605,3.75191731816778,0.4399026113239785,1.460434668530454
1,3,0,root,4,0,root,0.390399272379783,0.15241159187466408,2.563108927758194,0.20529773048605493,23.622822301438656
1,3,0,root,4,1,extra,0.6248785415569516,0.390473191698343,2.39765271388932,0.17964807926315074,26.8451720494009
1,3,1,extra,4,0,root,0.6229582654772586,0.3880770005264345,2.054292447169559,0.13187867057805924,26.306363226886486
1,3,1,extra,4,1,extra,0.4820523040174909,0.23237442380857148,2.1377028859338427,0.14280542589155876,26.162948818830365
1,4,0,root,4,1,extra,0.522476290206411,0.2729814738278537,3.4636753398988196,0.3749077143819751,1.446952517940731
2,0,0,root,1,0,root,0.44701888294192405,0.19982588170664556,3.06370798171278,0.29332208116283104,13.555003918733961
2,0,0,root,1,1,extra,0.49648517299660333,0.24649752700546712,2.918248721746618,0.26613048756174285,13.610010924241218
2,0,0,root,1,2,extra,0.5982665275925412,0.35792283803763697,2.6229824836899116,0.21500115967950312,14.017100033083938
2,0,0,root,2,0,root,0.595628381518703,0.3547731688705897,2.6098079025468937,0.21284679025613182,18.471563054359716
2,0,0,root,2,1,extra,0.940435329473121,0.8844186089212178,2.178202825661349,0.14826773592872136,19.36681149307016
2,0,0,root,2,2,extra,0.522346338471292,0.2728456973143655,2.2620577467542256,0.15990328905158768,20.284406010100117
2,0,0,root,3,0,root,0.7890395716470335,0.6225834456249343,2.4234196563734707,0.18353008846554092,29.098054369970598
2,0,0,root,3,1,extra,1.2094266368058266,1.462712789815453,1.5674115248075455,0.07677434025310986,43.901508528158374
2,0,0,root,4,0,root,0.8180169315143883,0.6691517002442152,2.1764688049113543,0.14803176433600806,27.143882761209067
2,0,0,root,4,1,extra,1.1769775378660217,1.3852761246411622,1.5575946249128154,0.07581565673616544,45.28334181169067
2,0,0,root,4,2,extra,0.6996222227522757,0.48947125456883495,2.154395216195222,0.14504433586140172,26.124400407366874
2,1,0,root,1,1,extra,0.5352847513561603,0.2865297650344263,4.61034529826088,0.44281841185825416,1.829892724951368
2,1,0,root,1,2,extra,0.35445904473205003,0.12564121439235748,4.370329322557797,0.39791204974184363,0.9905486245987116
2,1,0,root,2,0,root,0.5234157042813242,0.2739639994883146,2.9430290319976264,0.18044624756626848,17.245958778876453
2,1,0,root,2,1,extra,0.8231881207150399,0.6776386820863591,2.5307146984131426,0.1334274350992567,19.24200103033138
2,1,0,root,2,2,extra,0.6308753975387155,0.39800376721963227,2.774877977399303,0.16041557894699268,18.022143850471323
2,1,0,root,3,0,root,0.6719268909135659,0.4514857467327712,2.6589247283538207,0.14728918148023834,25.696051829175705
2,1,0,root,3,1,extra,1.0913521530837402,1.1910495220405157,1.8998786230399367,0.0751987246309193,39.46657523781188
2,1,0,root,4,0,root,0.6965342175462932,0.48515991621282695,2.4808760005771506,0.1282238693799933,27.746498772635004
2,1,0,root,4,1,extra,1.0571489567061751,1.1175639166649547,1.8231932030525366,0.06925069699285351,40.85295791658559
2,1,0,root,4,2,extra,0.6344699707299495,0.4025521437580629,2.3306701861317296,0.11316715659423558,26.24281593414534
2,1,1,extra,1,2,extra,0.7476482004795895,0.5589778316803684,3.6586372015465507,0.2788672119279248,0.4205215676224635
2,1,1,extra,2,0,root,0.8715631881204876,0.7596223908867485,2.1312244156804154,0.09462744812484018,21.280147626387873
2,1,1,extra,2,1,extra,1.202795903953368,1.4467179865669997,1.7233766998883935,0.0618755677024627,23.831211735438654
2,1,1,extra,2,2,extra,0.5883372489240333,0.34614071847149996,2.3813733995264537,0.11814456808275374,22.75373952861408
2,1,1,extra,3,0,root,1.045224585073535,1.0924944332421438,1.9674180192528021,0.08064028463501292,30.371159370857857
2,1,1,extra,3,1,extra,1.4519827627575814,2.1082539433451384,1.194042913065658,0.029702884963381724,58.015116482602096
2,1,1,extra,4,0,root,1.0909859468327534,1.1902503361865595,1.9557744782132735,0.07968862103396672,28.178841097407066
2,1,1,extra,4,1,extra,1.424058232828832,2.0279418504875757,1.2684264999460462,0.0335188705367787,52.04194895023909
2,1,1,extra,4,2,extra,0.9055360500678373,0.8199955379724606,2.1696733682252574,0.09807255259970693,26.165003526528885
2,1,2,extra,2,0,root,0.47176340155092145,0.22256070704289588,2.8482654598954,0.16901283604235737,18.794528607812587
2,1,2,extra,2,1,extra,0.6611138464505754,0.43707151796867494,2.489339410259569,0.1291002229056554,19.63151114767366
2,1,2,extra,2,2,extra,0.741733187149829,0.5501681209194433,2.34643814289522,0.114703582467366,19.01000854083369
2,1,2,extra,3,0,root,0.6079075193711561,0.3695515521079926,2.467588281723188,0.12685399850203324,30.70587054083072
2,1,2,extra,3,1,extra,0.9499712493809704,0.9024453746504422,2.070268686986425,0.08929192575659368,39.62600510333634
2,1,2,extra,4,0,root,0.6178776384852944,0.38177277614016414,2.2741459408635323,0.10774457834054334,32.10626995863729
2,1,2,extra,4,1,extra,0.9139636376451585,0.8353295309375707,1.8683467382880936,0.07272332363482831,41.38693965526072
2,1,2,extra,4,2,extra,0.6993145063197659,0.48904077874925783,1.9763096396272026,0.08137082899340424,30.086864309296683
2,2,0,root,2,1,extra,0.44324811819352294,0.19646889428209932,4.6974847256281205,0.4597158905731146,0.6614054025668346
2,2,0,root,2,2,extra,0.665562030091912,0.442972815900067,3.9826480741554646,0.33044761838696307,0.9020940246129052
2,2,0,root,3,0,root,0.4474082686297373,0.20017415883825915,3.1457899518273584,0.20616655043787446,24.35502238698501
2,2,0,root,3,1,extra,0.7807880203366457,0.6096299327012183,2.7492728580736974,0.15746877600293155,28.008488395739988
2,2,0,root,4,0,root,0.4072243474201453,0.16583166913176323,2.880683213948076,0.17288199539837953,23.990975973175814
2,2,0,root,4,1,extra,0.7403867863426409,0.5481725933907833,2.163073926852764,0.09747685027146326,26.34334617160166
2,2,0,root,4,2,extra,0.621046480320765,0.38569873071881045,2.178838330230995,0.09890284311007898,31.095815714990458
2,2,1,extra,2,2,extra,0.9970820553678882,0.9941726251366523,3.6877907858449257,0.2833291850033905,1.5748879728231062
2,2,1,extra,3,0,root,0.48056432960676876,0.23094207489040314,2.988042268618988,0.18600826248028557,26.461542206016215
2,2,1,extra,3,1,extra,0.5474123487774284,0.2996602795940208,2.6731251412033252,0.14886662542777693,27.881733859564395
2,2,1,extra,4,0,root,0.4349541232330802,0.18918508931745753,2.5288346959677663,0.13322926915688307,25.218196015799244
2,2,1,extra,4,1,extra,0.4874033334673195,0.237562009475055,2.2430320123254424,0.10481651267326508,25.822224285464806
2,2,1,extra,4,2,extra,0.8350858025743703,0.6973682976612798,1.9693292792090586,0.08079703770729316,34.422474851207085
2,2,2,extra,3,0,root,0.9099059160431974,0.8279287760504102,2.2920728921070115,0.10944996130691248,29.054133394620383
2,2,2,extra,3,1,extra,1.2845488827543086,1.6500658321853425,1.8641569046470383,0.07239752010715052,46.370605334481134
2,2,2,extra,4,0,root,0.9577859315875109,0.9173538907469561,2.092290046829115,0.09120161750125372,33.567276038844675
2,2,2,extra,4,1,extra,1.2528796083119418,1.5697073129238845,1.7440707479633293,0.06337047445627851,46.83497021752503
2,2,2,extra,4,2,extra,0.8639714783694123,0.7464467154358279,2.014239172961188,0.08452415512273685,33.19870635425626
2,3,0,root,3,1,extra,0.5991184957499377,0.35894297194966807,4.864221063526274,0.4929301365594305,0.5572465369169637
2,3,0,root,4,0,root,0.3992154065765302,0.15937294084806436,2.9325818753669166,0.17916742616105294,23.44163669255654
2,3,0,root,4,1,extra,0.6389719709108265,0.40828517960966604,2.5071207699890277,0.13095113656896615,26.64825738228199
2,3,0,root,4,2,extra,0.6714095451623839,0.4507907773351593,2.331400589394014,0.11323809808805733,31.670667557641366
2,3,1,extra,4,0,root,0.6608623040322635,0.43673898489083185,2.2971157921127516,0.10993210338278742,26.143901147498976
2,3,1,extra,4,1,extra,0.4866220986063924,0.23680106685208946,2.2324579657595804,0.10383059518507097,26.041475737109494
2,3,1,extra,4,2,extra,1.091053448428739,1.1903976273282435,1.5130445740498621,0.04769383089711935,42.88601013382377
2,4,0,root,4,1,extra,0.5403654592760284,0.2919948295785931,4.130620530976522,0.35545887439426593,1.3202560345989496
2,4,0,root,4,2,extra,0.5644317197637202,0.31858316627543076,4.346510162506654,0.3935864706827837,1.1550312091704396
2,4,1,extra,4,2,extra,1.009356433295432,1.018800409434876,3.2739847464099348,0.22331200249426927,2.7311932609794107
3,0,0,root,0,1,extra,0.45864329099022827,0.21035366837034722,4.826324028159646,0.48527924218314905,2.3060643257613838
3,0,0,root,0,2,extra,0.28463578736955625,0.08101753145148724,4.907773253081966,0.5017966313263903,3.1092824354040465
3,0,0,root,1,0,root,0.4165790410381496,0.17353809743226434,3.452974604379783,0.24839653371857748,12.54847247573659
3,0,0,root,1,1,extra,0.5536877256088185,0.30657009748986624,3.189792598344428,0.21197451709276882,12.64791242033421
3,0,0,root,1,2,extra,0.5732749461984021,0.3286441639387808,2.978177793190332,0.18478214516358413,13.274581462644946
3,0,0,root,2,0,root,0.577531562247805,0.3335427053923903,3.1472284120051612,0.20635513911109427,17.224477203575084
3,0,0,root,2,1,extra,1.0394806655580124,1.0805200540689288,2.3340022950044395,0.11349097318929152,29.333114474582878
3,0,0,root,2,2,extra,0.4716974274333459,0.2224984630472366,2.961007675226654,0.18265763443231575,18.887369500180515
3,0,0,root,3,0,root,0.7343944889306993,0.5393352653717831,2.840312608549596,0.1680703273809544,25.995621141516814
3,0,0,root,3,1,extra,1.161138992574152,1.3482437600761168,2.0700749325986,0.08927521305360624,38.925450943806005
3,0,0,root,4,0,root,0.790461191167624,0.6248288947421392,2.5989568689749487,0.14072035014150142,27.679059734312066
3,0,0,root,4,1,extra,1.1922112259963276,1.4213676073916668,1.8218430313837606,0.06914816731253272,42.77002331341314
3,0,1,extra,0,2,extra,0.33094425453115023,0.10952409960717872,4.427622873565601,0.40841342313586054,0.0733915077914893
3,0,1,extra,1,0,root,0.7165383340411727,0.5134271841504994,3.358049087500899,0.23492695154303378,14.504511518702667
3,0,1,extra,1,1,extra,0.45195837745503203,0.2042663749517852,3.4291278116004857,0.24497744892274875,13.145389532598692
3,0,1,extra,1,2,extra,0.8902098590491725,0.7924735931483475,2.7272235255337463,0.15495308662968152,13.346151941333597
3,0,1,extra,2,0,root,0.9007122768048783,0.8112826055870277,2.598977494363574,0.14072258367100754,20.413718123557608
3,0,1,extra,2,1,extra,1.3623630734636751,1.856033143937391,1.8637970662243137,0.07236957300138251,31.765585606183958
3,0,1,extra,2,2,extra,0.4857860532409593,0.23598808952342815,2.878848333937055,0.17266182770441985,20.359719176252995
3,0,1,extra,3,0,root,1.060248347498432,1.1241265583731561,2.410041239031287,0.12100622445482206,28.02211672815972
3,0,1,extra,3,1,extra,1.465456577590976,2.147562980804657,1.4454272759747513,0.04352625021107895,42.103259318030766
3,0,1,extra,4,0,root,1.1348764850006263,1.287944636207377,2.13664473804895,0.09510939034650549,29.954018746907987
3,0,1,extra,4,1,extra,1.4942019382148275,2.2326394321649468,1.2471359635920496,0.032403085660097294,55.228362271912346
3,0,2,extra,1,0,root,0.5978807627250786,0.3574614064367217,3.327249546726852,0.23063728221237592,13.56965874657723
3,0,2,extra,1,1,extra,0.5331897635653553,0.28429132397087953,3.205327341591659,0.21404423680739693,12.190960249090919
3,0,2,extra,1,2,extra,0.7089806914450597,0.502653620841915,3.039191795823139,0.19243097441247256,11.394368722152686
3,0,2,extra,2,0,root,0.7147161384910196,0.5108191586195143,3.0674508798611506,0.19602614375751984,19.544029089411918
3,0,2,extra,2,1,extra,1.1682812213807225,1.364881012230833,2.2775043519274805,0.10806304318851274,27.29514022532874
3,0,2,extra,2,2,extra,0.4893055160765118,0.23941988806290154,2.920182827386206,0.17765557802836032,19.852865892331536
3,0,2,extra,3,0,root,0.8835677017397776,0.7806918835577127,2.788779987840011,0.16202695459535274,23.604311228393527
3,0,2,extra,3,1,extra,1.2782799377955179,1.6339995993705128,1.976294275686221,0.08136956383562763,33.50690849957695
3,0,2,extra,4,0,root,0.9415311601945826,0.8864809256173567,2.4495793564861703,0.12500914632756666,28.469947333118277
3,0,2,extra,4,1,extra,1.315154908687323,1.7296324338443607,1.535642987880591,0.04912915387972561,44.19121658394884
3,1,0,root,1,1,extra,0.5632130013506947,0.3172088848904576,4.971014129298111,0.38610908552627293,1.3654999951558027
3,1,0,root,1,2,extra,0.38034073091854553,0.14465907159565344,5.175478667750236,0.4783139185774599,0.4285631001683411
3,1,0,root,2,0,root,0.5220730808872339,0.27256030178708834,3.3156715263721,0.17177621360616704,17.75689922272845
3,1,0,root,2,1,extra,0.9501407230281398,0.9027673935564363,2.418886352021214,0.09142204974991405,29.74347485192561
3,1,0,root,2,2,extra,0.5844237489946082,0.34155111838891294,2.9594811867201933,0.13685201397735572,19.605108019230208
3,1,0,root,3,0,root,0.6620418326465363,0.4382993881739842,2.819871968253079,0.12424496745842963,26.136448328281034
3,1,0,root,3,1,extra,1.0730846500330558,1.151510666136566,2.193260804768979,0.07516238996462299,32.36791233036257
3,1,0,root,4,0,root,0.7112385981668834,0.5058603435223934,2.671093622058108,0.11148033027811725,27.440606487243482
3,1,0,root,4,1,extra,1.1101573612461724,1.2324493667290641,1.9235966545297694,0.057816001395595645,40.42177164269937
3,1,1,extra,1,2,extra,0.7909117569917035,0.6255414073477036,4.185044386825865,0.3127606521375478,0.0
3,1,1,extra,2,0,root,0.9015136292385502,0.812726823702862,2.478235444884297,0.0959632956293886,20.15231475147101
3,1,1,extra,2,1,extra,1.3558065352085178,1.8382113609141255,1.798571296659928,0.05054466733076524,33.47411643636869
3,1,1,extra,2,2,extra,0.5165478139830558,0.2668216441306737,3.0461526159459065,0.14498508999428267,20.314124080438322
3,1,1,extra,3,0,root,1.0461521564990237,1.094434334547558,2.1465531206853057,0.07199516093630975,31.074945830998036
3,1,1,extra,3,1,extra,1.4610832713838133,2.1347643259176268,1.5533333113105205,0.037700693375420424,44.97248135710195
3,1,1,extra,4,0,root,1.125955610590971,1.267776037021286,1.9959068332551773,0.06224443885991737,29.995941626164722
3,1,1,extra,4,1,extra,1.4935821895490404,2.2307877569381063,1.2076925736591384,0.022789396132366142,58.631972693508594
3,1,2,extra,2,0,root,0.4327619339488852,0.1872828914751793,3.0288534897240478,0.16382059753952752,19.67033688447005
3,1,2,extra,2,1,extra,0.733063895983797,0.5373826755949431,2.525844350310986,0.11392660146424878,29.055875552820954
3,1,2,extra,2,2,extra,0.7498021781128976,0.5622033063028455,2.4075995068744604,0.10350956045539543,21.750732702503164
3,1,2,extra,3,0,root,0.5787463485832945,0.33494733599849624,2.535253003353063,0.11477692483947732,29.305628356235317
3,1,2,extra,3,1,extra,0.8767128925225468,0.7686254959152506,2.320805084179403,0.09618100426344585,31.91800367005321
3,1,2,extra,4,0,root,0.5874051135764949,0.345044767455815,2.524730468399086,0.11382614175111908,29.931503198532408
3,1,2,extra,4,1,extra,0.9254582821431404,0.8564730319873326,1.9997391245925535,0.07140993868618202,39.51640937338259
3,2,0,root,2,1,extra,0.5635294605333464,0.3175654528890044,5.1548812557848,0.4152000118943979,0.40254325541503433
3,2,0,root,2,2,extra,0.6677060182599771,0.445831326820593,4.775007255665325,0.356260848307133,1.9152454745053777
3,2,0,root,3,0,root,0.4195909722020449,0.1760565839534572,3.467398164359656,0.18785703172194848,23.11689470631724
3,2,0,root,3,1,extra,0.7316998958222385,0.5353847375462746,2.9937489471385255,0.14003957435145356,26.99173872289261
3,2,0,root,4,0,root,0.3797755925435567,0.14422950069180962,3.2238326953724283,0.16239214449612902,22.680334264398898
3,2,0,root,4,1,extra,0.7672382807079415,0.5886545793836782,2.364063540265996,0.08732494410023431,27.368477729728387
3,2,1,extra,2,2,extra,1.1701144188794281,1.369167753269541,3.6056012851497394,0.20313063480427274,1.0095176403887705
3,2,1,extra,3,0,root,0.5715360780650467,0.3266534885299752,3.2000929900379704,0.1600092991389087,26.46262547866793
3,2,1,extra,3,1,extra,0.44368864864825497,0.19685961693931464,2.9328596357641192,0.13440102567335066,26.621719149443646
3,2,1,extra,4,0,root,0.5012901154969674,0.251291779894963,2.6900572794364233,0.11306887760388892,25.143649249581543
3,2,1,extra,4,1,extra,0.4716371740853252,0.22244162397919137,2.56243826766058,0.10259515430580242,26.87154802307317
3,2,2,extra,3,0,root,0.8875376388362073,0.7877230603509502,2.3597129705360342,0.0870038328643124,32.393634974950636
3,2,2,extra,3,1,extra,1.2924699147297607,1.6704784804815551,1.751424664633147,0.047929505560708276,43.2096038893394
3,2,2,extra,4,0,root,0.9343389645996723,0.8729893007691877,2.2640321942367323,0.08009127775844363,30.974999480348007
3,2,2,extra,4,1,extra,1.3183960003180761,1.7381680136547006,1.5161022784897027,0.03591509560690105,53.686473056728076
3,3,0,root,3,1,extra,0.60790924607002,0.36955365145742003,5.51538971226798,0.4753050574717417,0.43447389343811665
3,3,0,root,4,0,root,0.41975785959909356,0.1761966606952124,3.1977378731567145,0.15977386727220044,24.098511383801014
3,3,0,root,4,1,extra,0.7217310216073423,0.5208956675503779,2.696117805847791,0.11357892535952348,28.98946971267787
3,3,1,extra,4,0,root,0.6293325940346626,0.39605951391439753,2.5068706859655565,0.09819375993989715,28.44991357910389
3,3,1,extra,4,1,extra,0.5178522528707079,0.26817095580326755,2.4405352078262865,0.09306581407249523,28.313999281470643
3,4,0,root,4,1,extra,0.5676651325211357,0.32224370268023866,4.526442269661227,0.32013561907149823,0.5659306338966249
4,0,0,root,0,1,extra,0.5468426178816325,0.29903684873163705,3.6890235827846563,0.4252779685731669,5.603467764808518
4,0,0,root,1,0,root,0.4364841328906597,0.1905183982653111,2.8007518433401435,0.24513159024916287,14.401277058330173
4,0,0,root,1,1,extra,0.48188059740329436,0.23220891015375583,2.961702601709054,0.2741150719053181,14.426587915047525
4,0,0,root,1,2,extra,0.6553996588847345,0.42954871286622637,2.220029361798396,0.15401657397646856,19.087839122737996
4,0,0,root,2,0,root,0.6021536478731033,0.3625890156468853,2.316013997652321,0.1676225261662965,17.333615363930544
4,0,0,root,2,1,extra,0.46689467866104706,0.2179906409620024,2.353190430183162,0.17304703752205053,18.840638038635277
4,0,0,root,2,2,extra,1.046977411255123,1.096161699678479,1.7391055673542144,0.09451525545007577,18.49777683534538
4,0,0,root,3,0,root,0.779292673015435,0.6072970702155418,2.082708413892249,0.180736430720732,28.684609536221053
4,0,0,root,3,1,extra,1.1474486500544643,1.3166384045118122,1.4656394516427262,0.08950412509214963,38.855386266265285
4,0,0,root,3,2,extra,1.1454068553009393,1.311956864170387,1.464026307156343,0.08930720950191,42.98696873660531
4,0,0,root,4,0,root,0.8389631433383912,0.7038591558802341,1.9298562975055913,0.1163857915319372,37.003824012947966
4,0,0,root,4,1,extra,1.2191716029840536,1.4863793975227066,1.103376091435655,0.038044962473494454,46.79294895487793
4,0,1,extra,1,0,root,0.83006214406839,0.6890031630154125,2.4871063168392635,0.1933030572269303,16.42889544424821
4,0,1,extra,1,1,extra,0.48212149007963323,0.2324411311966059,2.6678058590487965,0.22241212817422146,14.906384431704813
4,0,1,extra,1,2,extra,1.0549452279587141,1.1129094339928631,1.8950911166284408,0.112230323135126,19.589629936233347
4,0,1,extra,2,0,root,1.0080463790311351,1.0161575022777831,1.8174817948807669,0.1032262523350942,22.81824463003943
4,0,1,extra,2,1,extra,0.5668073454445155,0.3212705668498584,1.8919942988534453,0.11186382584043564,24.058404238887338
4,0,1,extra,2,2,extra,1.4288088400443542,2.041494701388893,1.314640243036536,0.05400871776909881,26.760750562106804
4,0,1,extra,3,0,root,1.1968131698176245,1.43236176344891,1.7171285102415583,0.12285543002851636,35.18689962933857
4,0,1,extra,3,1,extra,1.5326601900561538,2.349047258182966,0.9339355674757425,0.0363431518415099,49.101700832092696
4,0,1,extra,3,2,extra,1.513480304539308,2.290622632228396,1.1070557309432478,0.05106551630892867,54.8263949225554
4,0,1,extra,4,0,root,1.2601659069770106,1.588018113107192,1.7202551731278084,0.09247743314603084,37.635967838627735
4,0,1,extra,4,1,extra,1.579912263742311,2.4961227611233534,0.9727212865946463,0.029568334418573247,51.84665060231508
4,1,0,root,1,1,extra,0.5376210634237819,0.28903640783691814,4.06922068512299,0.5174549057572757,2.7993477768927293
4,1,0,root,1,2,extra,0.4130708296454161,0.17062751030395235,3.7559027584137676,0.44083767283312947,2.3959586098620207
4,1,0,root,2,0,root,0.48119112080149085,0.23154489473819495,2.6189346213082283,0.21433807970896482,17.780221445832225
4,1,0,root,2,1,extra,0.6007141918948518,0.36085754034388484,2.0996380557775107,0.1377649989146614,21.426137297603308
4,1,0,root,2,2,extra,0.8995458384252056,0.8091827154281059,2.1883137795575736,0.14964741243129842,20.517167095313514
4,1,0,root,3,0,root,0.630590177514933,0.3976439719783147,2.1667546815561893,0.19561774375190266,27.28548389023418
4,1,0,root,3,1,extra,0.9943764936738566,0.9887846111711134,1.6662739115220615,0.11568619784245963,35.49777700540318
4,1,0,root,3,2,extra,1.0018639370642564,1.0037313483898922,1.5937626647108973,0.10583664297609918,37.65353075513334
4,1,0,root,4,0,root,0.6777440879326864,0.4593370487277089,2.1251328542200625,0.14113092650267212,33.365759018800446
4,1,0,root,4,1,extra,1.0673105189389758,1.1391517438377858,1.5367369115879461,0.07379876048240186,43.59679716600698
4,1,1,extra,1,2,extra,0.8307617016293729,0.6901650048941311,2.6605920987138316,0.2212109473668272,2.748234041279133
4,1,1,extra,2,0,root,0.8428820112518354,0.7104500848919392,1.9285138019380277,0.11622392138329585,21.199121888813306
4,1,1,extra,2,1,extra,0.48179827249205914,0.2321295753763325,2.0554937036790286,0.1320329489332541,22.873388816526315
4,1,1,extra,2,2,extra,1.2764581240863746,1.6293453425461064,1.4805095614460921,0.06849714254791558,24.206228217502613
4,1,1,extra,3,0,root,1.0125339188068223,1.0252249367343007,1.804270013442012,0.13564126172525157,31.527597388859334
4,1,1,extra,3,1,extra,1.373984163720377,1.8878324821543837,1.2204663950632668,0.06206409256161357,42.38118806957934
4,1,1,extra,3,2,extra,1.3643595257417787,1.8614769154823305,1.2303081225098569,0.06306908651307203,48.608973713818514
4,1,1,extra,4,0,root,1.0805407098224655,1.1675682255836377,1.7197436982943721,0.09242244961947518,38.64523105574916
4,1,1,extra,4,1,extra,1.4352489576088834,2.0599395703173857,0.9299571707831303,0.027025635609092616,49.55006344456752
4,1,2,extra,2,0,root,0.41582019474163534,0.1729064343549715,2.511872261362195,0.19717194554377587,24.324628651450137
4,1,2,extra,2,1,extra,0.8284504217953081,0.686330101372824,1.6917996548269354,0.08944331475226681,27.987688350186225
4,1,2,extra,2,2,extra,0.6600420380788634,0.4356554920312996,2.3216419468374885,0.1684381665411051,26.602743817200984
4,1,2,extra,3,0,root,0.5280526448865381,0.2788395957716683,2.1680109686099427,0.1958446483338759,32.65003288201624
4,1,2,extra,3,1,extra,0.7601287848703003,0.5777957695883994,1.9388036060949974,0.15662330929195697,34.400648238357434
4,1,2,extra,3,2,extra,0.7827145360269409,0.6126420449078692,1.8601244133004797,0.14416928470651894,37.745815799867096
4,1,2,extra,4,0,root,0.5142267034881179,0.2644291025802568,2.1808961136123766,0.14863462057404897,36.71656107386611
4,1,2,extra,4,1,extra,0.8411316837509314,0.707502509409677,1.8625547624319707,0.10840969509556299,40.698229827383614
4,2,0,root,2,1,extra,0.6838980276931704,0.4677165122826085,3.3424809930155366,0.3491305996459416,2.575987211981286
4,2,0,root,2,2,extra,0.5520959267264296,0.3048099123079152,3.3578841575610867,0.3523558129874916,1.1406716813350999
4,2,0,root,3,0,root,0.4265748734822913,0.1819661226864328,2.450925154922433,0.25029308812631473,26.204550845156607
4,2,0,root,3,1,extra,0.6865522137077561,0.47135394214702037,2.2555591222305216,0.21198112307822173,27.96375554071353
4,2,0,root,3,2,extra,0.7229787520151998,0.5226982758654557,1.8632832347827502,0.144659350542603,31.305036241209216
4,2,0,root,4,0,root,0.40986177144795444,0.16798667169445516,2.445471402188662,0.1868853243413306,25.027765412755045
4,2,0,root,4,1,extra,0.7691081575316259,0.5915273579816922,1.8693765209809388,0.10920526803733742,28.03819512483344
4,2,1,extra,2,2,extra,1.1494514465902406,1.321238628068397,2.487202922911105,0.19331807436679815,5.5427034904347945
4,2,1,extra,3,0,root,0.9250146203550978,0.8556520478706857,1.661755771725578,0.11505967686930298,34.72895638277855
4,2,1,extra,3,1,extra,1.2636048014552888,1.5966970942608598,1.261499601032949,0.06630755180859539,42.028771986828204
4,2,1,extra,3,2,extra,1.2635150686740824,1.5964703287664714,1.2699240604039688,0.06719612996637095,48.73493056081295
4,2,1,extra,4,0,root,0.9759134765949753,0.9524071137996912,1.7994762680189453,0.10119108872385595,36.65335901392552
4,2,1,extra,4,1,extra,1.328049131954372,1.7637144968847605,0.9644818177114908,0.029069536771751912,55.39478568863768
4,2,2,extra,3,0,root,0.5520625029327438,0.30477300714436584,2.2683730125045676,0.21439650516079367,28.360645453815405
4,2,2,extra,3,1,extra,0.4026610569765042,0.16213592680543554,2.1912642131741027,0.20006828549739675,27.545177778453134
4,2,2,extra,3,2,extra,0.4832672428990287,0.23354722805922884,1.9774071923324594,0.16292246684533915,30.85150786264606
4,2,2,extra,4,0,root,0.5091611590848638,0.259245085920642,2.052868921643261,0.13169596279527387,27.011569724035652
4,2,2,extra,4,1,extra,0.47073929593428526,0.22159548473670665,2.045232283012665,0.1307179716086624,27.451883001182022
4,3,0,root,3,1,extra,0.5605835196551382,0.3142538825089426,3.38692524226805,0.4779692748630204,1.9802891279511352
4,3,0,root,3,2,extra,0.5767424061767308,0.33263180308252516,3.1853434345265934,0.422767199828403,2.076927669404679
4,3,0,root,4,0,root,0.40525095993901317,0.16422834053149168,2.2803006036367393,0.21665711845608668,26.369173024857155
4,3,0,root,4,1,extra,0.6982640858606565,0.4875727336028183,1.9943386032028234,0.16572443600937445,33.20242513896517
4,3,1,extra,3,2,extra,0.26594426327427517,0.07072635116849696,3.22730004816604,0.4339777333705219,1.0040478537446809
4,3,1,extra,4,0,root,0.5798679677025673,0.3362468599675057,1.8241622179538668,0.13864865822543218,31.266185954554775
4,3,1,extra,4,1,extra,0.48526916444907076,0.23548616196509928,1.8929859734660404,0.1493081623224655,30.907774991683148
4,3,2,extra,4,0,root,0.5963193309594575,0.3555967444759351,2.09328015781282,0.18257590912886937,29.753286706350387
4,3,2,extra,4,1,extra,0.5093772900145814,0.25946522358259905,1.9186466055767295,0.15338353321212939,30.457533622136836
4,4,0,root,4,1,extra,0.5714398477454379,0.3265434995913292,3.09069850588377,0.29851303919600525,1.3956986141693337
5,0,0,root,0,1,extra,0.6916308936979301,0.4783532931173974,4.663229553558337,0.33977671670593557,1.858259156285511
5,0,0,root,1,0,root,0.4379442244359461,0.19179514371680229,3.4950306714965484,0.2544841540562836,13.109291140945194
5,0,0,root,1,1,extra,0.5595806719833903,0.31313052845738265,3.3799893011002067,0.23800682657399716,12.965066632344023
5,0,0,root,1,2,extra,0.5998025830698109,0.35976313865721754,2.7128943700389425,0.15332908047893737,13.861793655774509
5,0,0,root,2,0,root,0.5874040535279182,0.3450435221010294,3.0724348018740617,0.1966636585784772,16.788966191735163
5,0,0,root,2,1,extra,1.0125255626778507,1.0252080150760983,2.494805249559531,0.1296677756922874,17.061914094076016
5,0,0,root,2,2,extra,0.473152752379751,0.22387352708453395,2.9355921281028987,0.17953544047041045,17.666686744747466
5,0,0,root,3,0,root,0.7657493266402143,0.5863720312499416,2.9424550932167426,0.1803758744916073,23.42557724000351
5,0,0,root,3,1,extra,1.2095923719652744,1.4631137063165789,2.0981453782027986,0.09171279225153679,38.93512191320095
5,0,0,root,3,2,extra,0.8732482065170966,0.7625624301853258,2.6027171737247654,0.1411278476333715,25.707691949736194
5,0,0,root,4,0,root,0.8360600130365472,0.6989963453986714,2.7563038453448567,0.11870642012285695,28.700733546574867
5,0,0,root,4,1,extra,1.248496753391218,1.5587441432284121,1.7647234018234406,0.04866013570223898,46.36428839164324
5,0,0,root,4,2,extra,0.7138331055210253,0.5095577025377913,2.451527790530686,0.09539664298006775,28.60087677281733
5,0,1,extra,1,0,root,0.9293557226461724,0.8637020592151896,3.1737833259395356,0.20985209583357967,15.197036285715416
5,0,1,extra,1,1,extra,0.5830841915701609,0.33998717445902804,3.3028078499576443,0.22726124361962172,14.851903281648182
5,0,1,extra,1,2,extra,1.1022035876420635,1.214852748611036,2.4029669532615534,0.12029687871806481,14.498992272497901
5,0,1,extra,2,0,root,1.092085991929731,1.1926518137691446,2.275241806930613,0.10784844333343502,21.318608103608792
5,0,1,extra,2,1,extra,1.5104655115980525,2.2815060617271663,1.6792771005457676,0.058749407925362485,22.807004108005234
5,0,1,extra,2,2,extra,0.6350175050274027,0.40324723169122734,2.6238611857662337,0.14343015671188716,21.069780038631478
5,0,1,extra,3,0,root,1.2800184301034294,1.6384471814044483,2.2388583021893065,0.104426802026708,26.59093645951742
5,0,1,extra,3,1,extra,1.679962669320422,2.8222745703101975,1.1684093296995692,0.028441257536020764,62.41461777883543
5,0,1,extra,3,2,extra,1.161713481539329,1.3495782131902287,2.369668496016255,0.11698601627108211,28.99900222218374
5,0,1,extra,4,0,root,1.368432971035122,1.8726087962160114,2.2793075318164324,0.0811756691342987,33.221305525411424
5,0,1,extra,4,1,extra,1.7100712152696174,2.924343561293706,1.2586675109661698,0.0247538109869027,63.33799348713213
5,0,1,extra,4,2,extra,1.1825675843252919,1.398466091496956,2.4590606864251843,0.09598380094479203,31.68816158705978
5,1,0,root,1,1,extra,0.5556203821358356,0.30871400904477203,4.642384599035834,0.4489944742784396,1.7445744372927479
5,1,0,root,1,2,extra,0.34958066887383826,0.12220664405028016,4.669228054509374,0.4542018880211958,1.457777846691808
5,1,0,root,2,0,root,0.4937214071142579,0.24376082784288275,3.0302685942025005,0.19130266152104156,18.035761149596834
5,1,0,root,2,1,extra,0.8822631938919583,0.7783883432964391,2.5597921588485875,0.13651116451047318,19.954880471352265
5,1,0,root,2,2,extra,0.5718916263996765,0.3270600323460671,2.476606837535066,0.1277829464109467,21.047212849265005
5,1,0,root,3,0,root,0.6435528417322715,0.414160260101682,2.7576813163696214,0.15843346338862682,24.59249574130673
5,1,0,root,3,1,extra,1.0833666749513515,1.1736833523951473,2.1207845019508484,0.0937026438273939,36.06429231080779
5,1,0,root,3,2,extra,0.8548989570155785,0.7308522267063239,2.1624641861799017,0.09742190326063971,28.695049900242292
5,1,0,root,4,0,root,0.7081196702692568,0.5014334674222409,2.723285353679126,0.15450589828256767,28.48552682698117
5,1,0,root,4,1,extra,1.1189326088822658,1.2520101832200738,1.9346662104725434,0.077977778040504,42.175727962231385
5,1,0,root,4,2,extra,0.6500582110751358,0.42257567778620586,2.279465950893874,0.1082492712767607,29.97914291123164
5,1,1,extra,1,2,extra,0.7950594819670173,0.6321195798656618,3.0378683838914387,0.192263423288483,1.393432073357343
5,1,1,extra,2,0,root,0.8927757475912806,0.7970485354871701,2.0983591608243786,0.09173148266282483,22.48490813948413
5,1,1,extra,2,1,extra,1.3153966817571532,1.7302684303777291,1.7126323118825926,0.061106446577173186,23.92484255361076
5,1,1,extra,2,2,extra,0.5124647418543314,0.2626201116438266,2.444346214543852,0.1244755920115596,21.58197563911605
5,1,1,extra,3,0,root,1.0529195346790767,1.1086395465088033,1.959935566887402,0.08002807138229673,29.114485681391827
5,1,1,extra,3,1,extra,1.4970728226423091,2.241227036294211,1.2485643436169553,0.03247735250315914,47.8217915698556
5,1,1,extra,3,2,extra,0.9427369231834553,0.8887529063334079,2.2631876175887697,0.10670871234181524,30.83317137478773
5,1,1,extra,4,0,root,1.1490931026891469,1.32041495864777,2.008460548099613,0.08403987027651245,33.520851836358396
5,1,1,extra,4,1,extra,1.530741673846269,2.3431700720496766,1.1397817438400597,0.02706463382481432,56.62719922902137
5,1,1,extra,4,2,extra,0.9408152741786378,0.8851333801278254,2.181407376945492,0.09913621133733774,31.206568852585406
5,1,2,extra,2,0,root,0.4240627000474801,0.1798291735715591,2.902191619135972,0.17547325404548064,19.814413497773938
5,1,2,extra,2,1,extra,0.689261878553943,0.4750819372277105,2.692040483206495,0.15098087423380538,19.360563672779133
5,1,2,extra,2,2,extra,0.7327325980258367,0.5368970602096924,2.1645935576240656,0.09761385978557523,22.649599208092596
5,1,2,extra,3,0,root,0.5792919985817861,0.3355792196208802,2.576387875114217,0.13828696839657403,28.79227695759386
5,1,2,extra,3,1,extra,0.9083574023583167,0.825113170419149,2.25026137788413,0.1054932555999371,35.565952094596
5,1,2,extra,3,2,extra,0.9944512414328491,0.9889332715873347,1.6512342353595357,0.05680363541715397,31.11163884315153
5,1,2,extra,4,0,root,0.5930158017472998,0.3516677411219927,2.5428507995523177,0.13471021226633045,32.48723321370183
5,1,2,extra,4,1,extra,0.9421453433112496,0.8876378479230725,2.104785569622271,0.09229421446021142,38.376531132654
5,1,2,extra,4,2,extra,0.705993709755015,0.49842711821364827,1.8974392238189677,0.07500574183514014,33.34132333856086
5,2,0,root,2,1,extra,0.5250311014658213,0.2756576575064135,4.4105123006080476,0.4052628907044769,0.72658087413981
5,2,0,root,2,2,extra,0.6496611908027936,0.42205966283530383,4.148489373329459,0.3585409183464052,0.9777257085493101
5,2,0,root,3,0,root,0.4385836650285002,0.19235563122983174,3.2598586560277485,0.22138913452664669,23.78539702695509
5,2,0,root,3,1,extra,0.7755609028006476,0.6014947139529556,2.8317270841104643,0.16705579747676577,27.976206011491694
5,2,0,root,3,2,extra,0.9855380265438134,0.9712852017638742,2.185296126298324,0.0994899824919679,29.355667336793545
5,2,0,root,4,0,root,0.41343467203008155,0.17092822803662105,3.1547738012312316,0.207345786186145,23.129482740126964
5,2,0,root,4,1,extra,0.8084164212838321,0.6535371102013585,2.2666266923972564,0.10703326172266096,26.6812041252877
5,2,0,root,4,2,extra,0.6213694964908894,0.3861000511693414,2.2201117101572145,0.10268533344952484,31.42280833726934
5,2,1,extra,2,2,extra,1.1175890397116972,1.2490052616837137,3.2707853120027206,0.22287576160859854,1.956059458101268
5,2,1,extra,3,0,root,0.5505572997908086,0.30311334035294624,3.021603320666133,0.19021013807209597,24.693006320676037
5,2,1,extra,3,1,extra,0.49126241082558403,0.24133875629016482,2.709726610001286,0.15297121460310542,29.022169309407957
5,2,1,extra,3,2,extra,1.2704444910243338,1.6140292047740785,1.864736965260253,0.07244258228350035,28.91913948269708
5,2,1,extra,4,0,root,0.4594998966607685,0.211140155031257,2.770915252092425,0.15995773613080064,25.371626782002355
5,2,1,extra,4,1,extra,0.49942366228545937,0.2494239944506205,2.4742741947535722,0.12754234980882165,26.022488312666827
5,2,1,extra,4,2,extra,0.905041046190596,0.8190992952897687,1.86148148443653,0.07218986076875056,32.79052078624024
5,2,2,extra,3,0,root,0.8969566714008453,0.8045312703704839,2.2355665173424333,0.10411995111380364,27.970069402107605
5,2,2,extra,3,1,extra,1.311893838225544,1.72106544277415,1.7885787351787241,0.06664612274861509,39.20445415012963
5,2,2,extra,3,2,extra,0.9412207161614868,0.8858964365315422,2.115908243345337,0.09327224363034896,29.62482741402574
5,2,2,extra,4,0,root,0.9631678491507482,0.9276923056376782,2.233616947097001,0.10393843054914427,34.69477396573356
5,2,2,extra,4,1,extra,1.3500836414404231,1.8227258388850331,1.2863178032319624,0.034471114393989616,51.61215692508599
5,2,2,extra,4,2,extra,0.81421752985957,0.6629501859306195,2.140696609007336,0.09547045774615642,34.314077431399696
5,3,0,root,3,1,extra,0.6557849089628207,0.43005384682337494,4.708620433420568,0.46189804970886894,0.6678732453185281
5,3,0,root,3,2,extra,0.8262363570355375,0.6826665176873561,3.5643502438420356,0.26467901376618286,0.9743156739386514
5,3,0,root,4,0,root,0.4137286024212141,0.17117135646141107,3.192672272548688,0.2123574216646085,23.411095187905715
5,3,0,root,4,1,extra,0.7448601886520596,0.5548167006387816,2.5286611737071385,0.13321098607112436,29.3458405557138
5,3,0,root,4,2,extra,0.6581996765130841,0.43322681416192865,2.327211484367819,0.11283152693694724,29.69588359046507
5,3,1,extra,3,2,extra,1.4355743605127456,2.0608737445615786,2.5735710203951445,0.1379847457712022,2.3966997972482615
5,3,1,extra,4,0,root,0.6430960001072534,0.41357246535394854,2.4714410516858605,0.1272504348324606,29.30843067182341
5,3,1,extra,4,1,extra,0.4979608680841734,0.24796502614314356,2.3559549650315215,0.11563591244284742,28.34913835528651
5,3,1,extra,4,2,extra,1.0899343219253095,1.1879568261107845,1.5245104296741965,0.04841941771219591,41.94275794344902
5,3,2,extra,4,0,root,1.0904604184554987,1.1891039242181414,2.0382809342328496,0.08655394097619035,37.45345759325351
5,3,2,extra,4,1,extra,1.463743014366179,2.142543612105788,1.0519493786683727,0.023054114485016163,53.51213135218894
5,3,2,extra,4,2,extra,0.8963166353751219,0.803383510850179,2.1465125962422738,0.09598992345472394,37.419400561533834
5,4,0,root,4,1,extra,0.5930170476468596,0.3516692187997976,4.621548040905553,0.33372978584996804,0.361733169227337
5,4,0,root,4,2,extra,0.6007554161664009,0.3609070700532656,4.712230221799306,0.3524621216387098,0.6794089110496255
5,4,1,extra,4,2,extra,1.1198929879422725,1.2541603044422707,2.566627235725389,0.1045646883677357,8.537736462515939e-07
6,0,0,root,1,0,root,0.4815222742592458,0.23186370060779637,2.1839599405734447,0.29810506387684776,17.323366758727442
6,0,0,root,1,1,extra,0.711645304860774,0.5064390399303839,2.1711928043933386,0.2946298871155881,17.57764421158466
6,0,0,root,1,2,extra,0.6333736725884299,0.4011622091281556,2.0217810405705547,0.25547491100065967,19.758579044969782
6,0,0,root,2,0,root,0.6158579456336697,0.3792810092001241,2.0382939015219983,0.2596651268113608,19.446535986243607
6,0,0,root,2,1,extra,1.071585189018345,1.1482948173234822,1.4313132408468663,0.12804109958897245,23.567394184101776
6,0,0,root,2,2,extra,0.9568947099274207,0.9156474858870827,1.8397244924051999,0.2115366379972232,21.595550217499934
6,0,0,root,3,0,root,0.7921594030845647,0.6275165198952939,1.7952120640926108,0.2014241471914783,31.500472488545096
6,0,0,root,3,1,extra,1.2833815108143214,1.64706810230005,0.9166787426050707,0.05251874482150084,54.5396116193323
6,0,0,root,4,0,root,0.8578914878040738,0.7359778048466874,1.542450804125942,0.14869715519679777,33.639399859690386
6,0,0,root,4,1,extra,1.1003027403683137,1.2106661204620202,1.0764383345374857,0.0724199680038647,48.8666333862956
6,1,0,root,1,1,extra,0.7741389580289865,0.5992911263382048,3.174064100959859,0.41977845487508825,3.5169020633344803
6,1,0,root,1,2,extra,0.37873047045826,0.143436769253535,3.3686429044658053,0.4728231257419924,3.7355656354439075
6,1,0,root,2,0,root,0.5134479881288032,0.26362883651351565,2.3228620697584352,0.2248203414634351,18.722732611791972
6,1,0,root,2,1,extra,0.9222039089485791,0.8504600496800391,1.7370913594247228,0.12572859962450122,24.779581146080325
6,1,0,root,2,2,extra,0.809392325374987,0.6551159363759286,2.2797489272942415,0.21655229881246849,20.73586477182824
6,1,0,root,3,0,root,0.6585247307089231,0.43365482095525987,1.9153765903857665,0.15286114512490848,29.550520227763524
6,1,0,root,3,1,extra,1.1392590878860902,1.2979112693310457,1.3209546051514247,0.07270504453628149,42.76077877225773
6,1,0,root,4,0,root,0.7115578040926909,0.5063145085652122,1.8652173138812747,0.1449598178334366,28.85011256262232
6,1,0,root,4,1,extra,0.9530565958702385,0.9083168749317674,1.3912254686310515,0.08064617935698705,40.726654055043745
6,1,1,extra,1,2,extra,0.9537050844322498,0.9095533880719249,2.219015737024575,0.20516795171511318,10.014279306179029
6,1,1,extra,2,0,root,1.06391451131842,1.1319140873939126,1.7246568605169408,0.12393505360533959,23.326144839327334
6,1,1,extra,2,1,extra,1.4980709055613177,2.2442164380893064,1.2137228314286885,0.06138012964713635,31.06486724103755
6,1,1,extra,2,2,extra,1.3792153966847311,1.9022351104522204,1.5692526704982588,0.10260641432774657,26.98092459845211
6,1,1,extra,3,0,root,1.2309972346648743,1.5153541917525675,1.4331698826530939,0.08558232968932843,38.777588524180345
6,1,1,extra,3,1,extra,1.687397070279776,2.847308872788772,0.7320606839177681,0.022329701872422923,59.414822907908906
6,1,1,extra,4,0,root,1.3154418753249273,1.7303873273583612,1.3177810956794909,0.07235612567209333,37.46992472848101
6,1,1,extra,4,1,extra,1.5235878071183953,2.3213198059998392,0.9490387194253909,0.037528103790357745,58.98737001573104
6,1,2,extra,2,0,root,0.44011878349389766,0.1937045435841484,2.3873655857340372,0.23747976833113427,22.945444549115354
6,1,2,extra,2,1,extra,0.730648924022294,0.533847850174936,1.8798103974272906,0.14723696376148954,26.853475725139724
6,1,2,extra,2,2,extra,0.6231682384058213,0.3883386533578145,2.293968755020791,0.2192621937088183,24.693907812787995
6,1,2,extra,3,0,root,0.6024462774336651,0.3629415171936805,1.9149942325731877,0.15280012128285722,33.83152281666617
6,1,2,extra,3,1,extra,0.9670844331898248,0.9352523009180849,1.4596523174957816,0.08877437033211694,41.60904354469525
6,1,2,extra,4,0,root,0.6077743925922052,0.36938971229082407,1.9386268976679562,0.15659476034840356,34.30999416738252
6,1,2,extra,4,1,extra,0.8014545068110686,0.6423293264877732,1.5068016117410705,0.09460212904772868,41.30481843727576
6,2,0,root,2,1,extra,0.5474559297537117,0.2997079950225009,2.8775806202577674,0.34501959275346167,1.4726184168129788
6,2,0,root,2,2,extra,0.4455470728237028,0.19851219410176993,3.1780945936828195,0.4208452185998321,2.2937263550648663
6,2,0,root,3,0,root,0.46019331414133313,0.2117778863803837,2.4646999773939666,0.2531144157735758,26.400906797069556
6,2,0,root,3,1,extra,0.8289581495611268,0.6871716137238075,1.8352482981711138,0.14033901316416533,31.84656546514065
6,2,0,root,4,0,root,0.402584741426864,0.16207447402973496,2.288552671699388,0.2182280554642669,24.101347081066184
6,2,0,root,4,1,extra,0.6248544042630069,0.39044302652687723,1.8976009202482464,0.15003705218862465,26.660425004549104
6,2,1,extra,2,2,extra,0.26063640796477755,0.06793133715678194,3.08728070695871,0.39713759014831135,0.6393694261226367
6,2,1,extra,3,0,root,0.6003960985988211,0.36047547521268536,2.383578752285076,0.2367269861810367,28.032643387066507
6,2,1,extra,3,1,extra,0.5628101621210986,0.3167552785867772,1.9427273261462181,0.15725789432313478,31.504039469385443
6,2,1,extra,4,0,root,0.48249580678108367,0.23280220356132886,2.003003007232518,0.1671675436242713,26.522388414709447
6,2,1,extra,4,1,extra,0.41528702501136494,0.17246331314279004,1.9608767399261586,0.16020989954930998,26.546416324325662
6,2,2,extra,3,0,root,0.5511913521977294,0.3038119067375614,2.0441837817879542,0.17411197223853755,28.36736934544266
6,2,2,extra,3,1,extra,0.6267431172908879,0.39280693507149966,1.7029759770872395,0.12083863243900993,31.838063437841388
6,2,2,extra,4,0,root,0.4440611785971944,0.19719033033712943,2.0331008696923094,0.17222913109765095,25.53468769315094
6,2,2,extra,4,1,extra,0.4625463200856573,0.21394909822478336,1.7206882504492234,0.1233653356347504,26.34036016893845
6,3,0,root,3,1,extra,0.7107768748155865,0.5052037657726118,3.5768109655827582,0.3997992713597832,1.2749986575393073
6,3,0,root,4,0,root,0.42833933353139175,0.18347458465011682,2.3460112653609744,0.2293237023833584,25.921155926277304
6,3,0,root,4,1,extra,0.602478034157537,0.36297978164233036,2.153135443827035,0.1931663433110101,30.509517262854146
6,3,1,extra,4,0,root,0.6942809489671209,0.4820260360986859,1.8398880338512549,0.14104949904620986,28.91028047171593
6,3,1,extra,4,1,extra,0.5428088085138254,0.2946414026001987,2.0003228740699943,0.16672048335531842,28.823510318689937
6,4,0,root,4,1,extra,0.38849208249635603,0.15092609816235547,3.1883344691420747,0.42356152862997803,1.4004379962900673
7,0,0,root,0,1,extra,0.3589483420542513,0.12884391226349579,4.782895694267375,0.476585233796696,1.7509507191500409
7,0,0,root,1,0,root,0.41672198732662,0.17365721472144768,2.7620546365393297,0.31787274230118373,15.824737387947533
7,0,0,root,1,1,extra,0.47451020722095466,0.2251599367568733,2.9668751038243744,0.36676449507053716,15.25720396974149
7,0,0,root,2,0,root,0.5740120569759892,0.32948984155380634,2.9253813698752693,0.1782886699836106,16.28020242886242
7,0,0,root,2,1,extra,1.0409998022794966,1.083680588345951,2.147017918015823,0.0960351237558541,17.003379838341367
7,0,0,root,2,2,extra,0.5014804170372419,0.251482608671846,2.9314734156442843,0.17903200805477434,16.63416162987944
7,0,0,root,3,0,root,0.770300981572562,0.5933636022116524,2.7056323549965735,0.1525093008417564,24.744324044584975
7,0,0,root,3,1,extra,1.2624635313181738,1.5938141679083535,1.696385209839991,0.05995255792008062,42.45438675774229
7,0,0,root,3,2,extra,0.9305211837735367,0.8658696734513041,2.459765435218874,0.12605095825619783,27.841855347938413
7,0,0,root,4,0,root,0.7967680316128686,0.6348392962002452,2.3681572717286428,0.11683685132585936,27.6577525602235
7,0,0,root,4,1,extra,1.1701079139572126,1.3691525303052994,1.7028803061415438,0.06041252785509835,41.812503575989744
7,0,1,extra,1,0,root,0.6097133892960325,0.37175041708685513,2.5246674571346954,0.2655810737131236,16.20720962153901
7,0,1,extra,1,1,extra,0.5423042339256425,0.294093882133678,2.8247412061760864,0.33246512007788026,16.061016963784038
7,0,1,extra,2,0,root,0.6865013729055336,0.47128413500118255,2.8163979745274257,0.16525203231087884,17.31790852951656
7,0,1,extra,2,1,extra,1.1258767472380191,1.2675984499712625,1.9960320324524634,0.08300299738700648,17.94264657731928
7,0,1,extra,2,2,extra,0.4912502922436661,0.24132684962948736,2.9978154367062824,0.18722702901155167,16.906928478906135
7,0,1,extra,3,0,root,0.9232493310798671,0.8523893273394219,2.490056473617417,0.12917460920425014,23.8398896541726
7,0,1,extra,3,1,extra,1.3535237468640782,1.8320265333249734,1.5787208847669139,0.051924158999983906,43.11866654800538
7,0,1,extra,3,2,extra,1.067487329276942,1.1395291981668183,2.278442350366289,0.10815207383213876,27.39300162898716
7,0,1,extra,4,0,root,0.9406863274340003,0.8848907666212672,2.2397490345883746,0.10450991120707405,29.359108879345683
7,0,1,extra,4,1,extra,1.2730443666293845,1.6206419594068104,1.5800126892559132,0.05200916871270215,41.07606498163689
7,1,0,root,1,1,extra,0.4820072940273408,0.2323310314955594,3.340129714256621,0.46485277116916723,3.4161220281884743
7,1,0,root,2,0,root,0.4459408987908487,0.19886328521439,2.742001239691614,0.31327378326959776,19.828813055718935
7,1,0,root,2,1,extra,0.883709222776793,0.7809419904207636,1.930718729892567,0.15531978391491516,23.18225048727727
7,1,0,root,2,2,extra,0.6463021111258264,0.41770641884569987,2.085966178862179,0.18130228747320332,22.52473343941978
7,1,0,root,3,0,root,0.6378769386685883,0.40688698888521,2.0836075947628365,0.1808925253730572,27.857649769149408
7,1,0,root,3,1,extra,1.1059756951628208,1.223182238290885,1.5158469843830393,0.09574133666929807,43.07778514832922
7,1,0,root,3,2,extra,0.960033201221165,0.9216637474469579,1.6845656561729072,0.1182400604148857,33.479606363670676
7,1,0,root,4,0,root,0.6313925493025906,0.3986565513148244,2.106802175178815,0.1849423085557577,28.967017736451506
7,1,0,root,4,1,extra,1.0005240360090855,1.0010483466319098,1.611622795119092,0.10822200140614484,41.95553483919987
7,1,1,extra,2,0,root,0.7928161031884009,0.6285573734748412,2.1467527931469497,0.19202281478684288,21.177560402504596
7,1,1,extra,2,1,extra,1.2526081131590867,1.5690270851519674,1.4326711951936177,0.0855227813973962,25.709954554293283
7,1,1,extra,2,2,extra,0.5106753111063193,0.26078927337353586,2.457361810628874,0.25160946118071736,21.254212176731436
7,1,1,extra,3,0,root,0.9778330283219074,0.9561574312771923,1.8498508307735533,0.1425811706714002,28.75046797970594
7,1,1,extra,3,1,extra,1.4616291439266316,2.136359754375698,0.9857072615284362,0.04048411689291204,48.59537791287971
7,1,1,extra,3,2,extra,0.9930792823946035,0.9862064611213809,1.8311648294538287,0.13971519302619462,31.280422479168312
7,1,1,extra,4,0,root,1.0227902743491022,1.0460999453031117,1.6974423937735905,0.12005461167415908,31.694558464702233
7,1,1,extra,4,1,extra,1.379004323620905,1.9016529245651497,0.9903145722324623,0.04086345633233186,54.48008554207923
7,2,0,root,2,1,extra,0.571782017386903,0.32693467540703686,4.333718396823402,0.39127323214511667,0.6339448300351321
7,2,0,root,2,2,extra,0.7146151425379209,0.5106748019444929,4.126629085306615,0.3547722418270521,0.9189582189720272
7,2,0,root,3,0,root,0.48669456301428393,0.23687159766766483,2.9485865748039144,0.18112839143987255,22.580745392876075
7,2,0,root,3,1,extra,0.8461440964704906,0.7159598319918629,2.5417251992335057,0.1345909789253877,27.728389175992454
7,2,0,root,3,2,extra,1.0607080528241983,1.1251015733261025,1.9853457104624896,0.08211661645941266,32.25320087693747
7,2,0,root,4,0,root,0.41156658412368957,0.16938705316724206,2.980992969843098,0.18513164763029114,23.185421342252756
7,2,0,root,4,1,extra,0.7403906458193447,0.5481783084167864,2.601188173403036,0.14096208153024628,27.134029437123072
7,2,1,extra,2,2,extra,1.231070995427646,1.5155357957832152,2.751179267749137,0.15768723673526416,4.436155836295154
7,2,1,extra,3,0,root,0.6085097076647362,0.3702840643222227,2.7229757731872515,0.15447077211176474,24.468380437101796
7,2,1,extra,3,1,extra,0.5260268406502431,0.2767042370844762,2.5911792717759212,0.13987937538502487,27.670552027929578
7,2,1,extra,3,2,extra,1.3680698597982017,1.8716151412882716,1.6043705553979037,0.053625101646412064,34.07007498213278
7,2,1,extra,4,0,root,0.5253411748670799,0.27598335001072377,2.452269847422653,0.12528390426204836,26.25626038034824
7,2,1,extra,4,1,extra,0.45022617210652005,0.20270360604968976,2.3903093203371393,0.11903288847688735,26.960943426229843
7,2,2,extra,3,0,root,0.9890797511699317,0.9782787541743737,2.10147163359942,0.09200381305881282,29.66049818681819
7,2,2,extra,3,1,extra,1.4519952556582574,2.1082902224540883,1.2656007938616516,0.03336969519631756,47.56131609891982
7,2,2,extra,3,2,extra,1.0319954375827443,1.0650145831915998,2.1758827703793244,0.09863470480070008,31.63204324731687
7,2,2,extra,4,0,root,1.0136405083175812,1.0274670801023245,2.080249651999845,0.0901549711384474,30.132520488715297
7,2,2,extra,4,1,extra,1.3705761551181073,1.8784789969783335,1.4423560230656365,0.04334147702653584,49.215047908799285
7,3,0,root,3,1,extra,0.7196493850929765,0.5178952374646991,4.51419385876069,0.4245405457181819,0.5540797771046128
7,3,0,root,3,2,extra,0.8641112727458279,0.7466882916864144,3.6102494056881653,0.2715395994014948,1.5136945200437666
7,3,0,root,4,0,root,0.43173875592321287,0.18639835336612354,2.8304552131859486,0.16690576487190648,23.60097725654968
7,3,0,root,4,1,extra,0.6990414194926651,0.4886589061663201,2.3253796223170657,0.11265396641432208,30.329682440573123
7,3,1,extra,3,2,extra,1.5459264852530912,2.3898886978069758,1.2855649746163162,0.034430777165838526,23.521240460149496
7,3,1,extra,4,0,root,0.7172863433992874,0.5144996984271205,2.229297561198921,0.1035368253409887,29.347368730864584
7,3,1,extra,4,1,extra,0.5098918974252834,0.2599897470599557,2.3529630895824316,0.11534240210286044,28.881229861680396
7,3,2,extra,4,0,root,1.1292491376639462,1.2752036149147659,1.8698090793484259,0.07283720819195431,37.892231995170285
7,3,2,extra,4,1,extra,1.4678868851952438,2.1546919077281945,1.0081140894826761,0.021172792029447596,60.75822270538016
7,4,0,root,4,1,extra,0.5239750949513197,0.2745499001292445,4.296355807463822,0.3845556921735023,0.7310247035089148
8,0,0,root,0,1,extra,0.28353966267670855,0.08039474031082167,4.751936511720741,0.470435429404681,3.0792787296865467
8,0,0,root,1,0,root,0.41952531370130663,0.17600148883617972,3.4192588020905967,0.24356939074320874,13.185601191849287
8,0,0,root,1,1,extra,0.45217824824405634,0.20446516818506347,3.2362471006492957,0.21819365200960364,14.060075431470404
8,0,0,root,1,2,extra,0.5489573512481866,0.3013541734894249,2.8731144321905573,0.17197471959295144,15.258088344288296
8,0,0,root,2,0,root,0.5792591904807844,0.33554120975645374,3.1140604480403042,0.20202859320935365,16.847497104913796
8,0,0,root,2,1,extra,1.0490687836672945,1.1005453128651765,2.3560753325600032,0.11564772859786933,27.59469290673296
8,0,0,root,2,2,extra,0.5379571108407405,0.2893978531041167,2.7447721941470746,0.15695363328672807,18.321495973084943
8,0,0,root,3,0,root,0.7643136854547344,0.5841754097733988,2.7549138665402544,0.1581156335844953,25.67448169967273
8,0,0,root,3,1,extra,1.1611728746817176,1.3483224448966045,2.0708441552637966,0.08934157323729637,39.45864078072231
8,0,0,root,4,0,root,0.7917368862034584,0.6268472969751482,2.6880309029696257,0.1505314611524938,26.216820775449463
8,0,0,root,4,1,extra,1.1040997320477437,1.2190362183078995,2.005557544511344,0.08379710550721604,38.64962688599657
8,0,1,extra,1,0,root,0.5588156817182833,0.31227496613426986,3.257655547727545,0.22108999307583446,13.38000147556337
8,0,1,extra,1,1,extra,0.3361984742421696,0.11302941408276275,3.4193117964831834,0.243576940866022,13.211680028791202
8,0,1,extra,1,2,extra,0.6909096402851943,0.4773561310390166,2.6786773190236906,0.14948567040524893,14.451406391600733
8,0,1,extra,2,0,root,0.7671383415048921,0.5885012350068766,2.581373650655331,0.13882270675620065,19.03796009334473
8,0,1,extra,2,1,extra,1.2326229796194192,1.5193594098858554,1.934467001497038,0.07796172041418624,28.25644311146861
8,0,1,extra,2,2,extra,0.540406969302614,0.2920396924708365,2.688227728002271,0.15055350661667197,19.32189745976861
8,0,1,extra,3,0,root,0.9555914029668404,0.9131549294241345,2.3484704011815816,0.11490235885887452,27.88493563907869
8,0,1,extra,3,1,extra,1.3403349840142347,1.796497869372439,1.5931329697544176,0.05287651373580271,42.591984923784054
8,0,1,extra,4,0,root,0.9967121294165355,0.9934350689260447,2.345419169725176,0.11460398086904862,26.155860178722055
8,0,1,extra,4,1,extra,1.2868262701715443,1.655921849603608,1.639279661773006,0.05598412103130462,45.94508332704926
8,1,0,root,1,1,extra,0.5149857405687723,0.2652103129891669,4.662585790005917,0.4529105468576063,2.2525695819429625
8,1,0,root,1,2,extra,0.35037783816746276,0.12276462947890474,4.497309442294735,0.42137067124486216,0.6830838681710348
8,1,0,root,2,0,root,0.4852121635587883,0.2354308436654003,3.2197124411374416,0.21596975424198384,16.281649894915876
8,1,0,root,2,1,extra,0.9098313287312402,0.8277930467408541,2.4224943289969607,0.12225997445880073,25.73924924345492
8,1,0,root,2,2,extra,0.59615237333079,0.3553976522279336,2.957220531496091,0.18219069316462555,17.40751682021099
8,1,0,root,3,0,root,0.6448194451387531,0.4157921168290495,2.735787190171812,0.15592774062308698,25.83194009183343
8,1,0,root,3,1,extra,1.0317831586299728,1.0645764864324436,2.2216981901847475,0.1028321426722955,32.009173017994605
8,1,0,root,4,0,root,0.6725570257322008,0.4523329528617441,2.656259599245994,0.14699406372055188,27.21537826612336
8,1,0,root,4,1,extra,0.9830988419467682,0.966483333037077,2.090277723194585,0.09102627000174039,38.40389280286723
8,1,1,extra,1,2,extra,0.7021083563972285,0.4929561441228175,3.834711314434631,0.306354393021937,0.6308396405885469
8,1,1,extra,2,0,root,0.8255245165889438,0.6814907274894092,2.4026720702932742,0.1202673557784869,19.941977772343517
8,1,1,extra,2,1,extra,1.2928972285990081,1.6715832437189957,1.7128074541823546,0.0611189453146383,34.16894376892539
8,1,1,extra,2,2,extra,0.5629751424496472,0.31694101101620054,2.7408182017438256,0.1565017586460471,21.315061449058124
8,1,1,extra,3,0,root,1.0051073835068767,1.0102408523800392,1.9743450810018,0.08120913539325013,33.39039353165331
8,1,1,extra,3,1,extra,1.3963669514321089,1.9498406630518013,1.508866751455508,0.04743080986766454,47.85547348792833
8,1,1,extra,4,0,root,1.0515362025211958,1.1057283852126978,2.023894253978305,0.08533641565179996,29.64065459903396
8,1,1,extra,4,1,extra,1.3428087946033278,1.803135458864042,1.425100607061683,0.04231066125515786,52.20199257339805
8,1,2,extra,2,0,root,0.4086805432140196,0.16701978640170623,2.977861430596293,0.18474288957985419,17.5863297960373
8,1,2,extra,2,1,extra,0.7168789232669601,0.5139153906243961,2.618115646272234,0.14280269869282244,25.616242929674474
8,1,2,extra,2,2,extra,0.6695615031282933,0.4483126064714196,2.5804621539444956,0.13872468599874724,18.29111381822405
8,1,2,extra,3,0,root,0.5746339587590976,0.3302041865591524,2.5628053584515085,0.1368327355272451,28.73009912510405
8,1,2,extra,3,1,extra,0.8660485388876727,0.7500400717094728,2.3777061831373096,0.11778097277769568,31.493874036518125
8,1,2,extra,4,0,root,0.5868902098890308,0.34444011846359074,2.4661164921234313,0.12670271984839956,29.220070076970746
8,1,2,extra,4,1,extra,0.8374605534228151,0.7013401785392479,2.1931206639609324,0.1002037134727592,38.35528619947903
8,2,0,root,2,1,extra,0.5647751867482149,0.3189710115664811,5.1500041341303335,0.4144147278368674,0.4357624804994159
8,2,0,root,2,2,extra,0.6395656193049332,0.4090441813969026,4.599081070999561,0.3304929171504138,0.6252437271130034
8,2,0,root,3,0,root,0.4301766004813191,0.18505190760166446,3.382092555505111,0.17872734459379824,23.269106137680748
8,2,0,root,3,1,extra,0.7247689211448205,0.525289989057427,3.095799885737801,0.14974963957084655,27.548830014082505
8,2,0,root,4,0,root,0.40039284927984164,0.16031443375443005,3.3626041223445178,0.17667353880638034,22.82627880956164
8,2,0,root,4,1,extra,0.6710143921827281,0.45026031451635584,2.706711654528228,0.11447324969935835,26.304163995449443
8,2,1,extra,2,2,extra,1.112498218258294,1.237652285627879,3.971042600142939,0.24639342706484368,0.8147170643577167
8,2,1,extra,3,0,root,0.556355584300669,0.3095315361825389,3.118126256508173,0.15191736486758867,28.69935628387658
8,2,1,extra,3,1,extra,0.4430195967338257,0.19626636309020148,3.0218696670880707,0.14268275445104633,28.666142178442218
8,2,1,extra,4,0,root,0.5026288073541361,0.25263571798224127,2.8123230865767486,0.12358064286394642,26.09858932511049
8,2,1,extra,4,1,extra,0.4101167399745875,0.1681957404073834,2.724584359914599,0.1159899989733007,26.09688815557085
8,2,2,extra,3,0,root,0.8926668091446182,0.7968540321484341,2.290278329801463,0.08195898168684652,27.536794431590234
8,2,2,extra,3,1,extra,1.2407684555113212,1.5395063601919492,1.9540809285955765,0.05966300430470234,34.824183761244505
8,2,2,extra,4,0,root,0.9418870208085166,0.8871511599675429,2.25638008321552,0.07955079812393247,28.66176850551289
8,2,2,extra,4,1,extra,1.1943493313406914,1.4264703252739568,1.8757536142122233,0.054975806581722145,40.54895854815827
8,3,0,root,3,1,extra,0.5834542641035858,0.34041887830065676,5.633555755209934,0.49588985073529634,0.6092573819145352
8,3,0,root,4,0,root,0.3925971894807903,0.15413255318821553,3.379250250013382,0.17842706644086725,22.86587631377602
8,3,0,root,4,1,extra,0.5965978389515186,0.3559289814416222,3.0376722748786325,0.1441789507744738,28.347313682691595
8,3,1,extra,4,0,root,0.6178512946709216,0.3817402223265339,2.713442360855246,0.11504327258880766,29.206127175671195
8,3,1,extra,4,1,extra,0.4690310717783926,0.21999014629358762,2.668411440414109,0.11125655648957664,28.566422235348295
8,4,0,root,4,1,extra,0.4602481612527468,0.21182836993653437,5.126736266647079,0.410678511683663,0.3486507798342329
9,0,0,root,0,1,extra,0.3279206685213918,0.10753196484351651,4.605652545999955,0.4419174036349139,1.6411283248705926
9,0,0,root,0,2,extra,0.4235331021339773,0.1793802886032301,4.450702829072301,0.4126824098481703,4.340651343718504
9,0,0,root,1,0,root,0.4543787849594317,0.20646008022120943,3.0319270923936568,0.2872681841747079,14.916530421688064
9,0,0,root,1,1,extra,0.5238685407817598,0.2744382480208103,3.1389435376069623,0.30790520413389094,15.24280421790633
9,0,0,root,2,0,root,0.5669766916081095,0.3214625688268773,2.8297227322351644,0.16681939044434257,16.49022144757423
9,0,0,root,2,1,extra,0.9989645217919488,0.9979301157990171,2.14414093733026,0.09577792414865592,16.48121238303112
9,0,0,root,2,2,extra,0.47630457668113374,0.22686604976739394,2.597271946187722,0.1405379492177867,18.064638668548632
9,0,0,root,3,0,root,0.7733351109818107,0.5980471938772494,2.727508453362009,0.15498546589919202,24.297861568750697
9,0,0,root,3,1,extra,1.2416201472164157,1.5416205899737134,1.758961265850245,0.06445718197419786,38.80292263875202
9,0,0,root,3,2,extra,0.8641915154491998,0.7468269753743845,2.4185591144640215,0.12186308729493733,29.712674465739777
9,0,0,root,4,0,root,0.8119540532660298,0.6592693846151348,2.5476847061778134,0.13522286171025685,27.32845955151002
9,0,0,root,4,1,extra,1.2216205001763216,1.4923566464510456,1.6099286512070474,0.053997297124527964,47.06398343611362
9,0,0,root,4,2,extra,0.717502162178743,0.5148093527311712,2.4176174117684526,0.12176820728512484,26.5892708211043
9,0,1,extra,0,2,extra,0.3661828019119944,0.13408984441611896,4.79947223236728,0.4798944522763449,8.537736462515939e-07
9,0,1,extra,1,0,root,0.6477435696721605,0.4195717320516331,2.698128281380667,0.22749675696206834,15.677763976521144
9,0,1,extra,1,1,extra,0.5733782944082964,0.3287626684985669,2.8512021217541386,0.2540422980967282,13.830003839052207
9,0,1,extra,2,0,root,0.6849521317522737,0.46915942279198397,2.752031894310949,0.1577849905688481,17.577751109903986
9,0,1,extra,2,1,extra,1.0817193120653679,1.1701166700951726,1.962895316589422,0.0802699588310143,17.30075625687329
9,0,1,extra,2,2,extra,0.4742044437770774,0.2248698544979273,2.701930987879462,0.15209231381798508,18.136314814338142
9,0,1,extra,3,0,root,0.9082415826690298,0.8249027724891442,2.5570531630543343,0.13621918497262872,26.115652580300257
9,0,1,extra,3,1,extra,1.3222078581868157,1.7482336202509665,1.5455513650760049,0.04976518796017296,38.69702394946152
9,0,1,extra,3,2,extra,0.9903504517068566,0.980794017195975,2.3188679641903756,0.112023929903092,29.897906098330104
9,0,1,extra,4,0,root,0.9492999070996487,0.9011703136194016,2.290120984743537,0.10926362759922313,30.35042543504521
9,0,1,extra,4,1,extra,1.306801692650869,1.7077306639151764,1.3939003725875951,0.04047829684791327,47.59437869664857
9,0,1,extra,4,2,extra,0.8720005671299873,0.7603849890750194,2.179074524763572,0.09892428717653308,30.1194546452726
9,0,2,extra,1,0,root,0.7517859371214969,0.5651820952536472,2.8110872757557837,0.2469441147473772,16.361199079546758
9,0,2,extra,1,1,extra,0.4933747593710854,0.24341865318447642,3.079866328641846,0.2964242688219314,12.771275450380504
9,0,2,extra,2,0,root,0.8961819815755195,0.803142144100625,2.292890328655405,0.10952804290086438,21.459118780616425
9,0,2,extra,2,1,extra,1.3256464142548114,1.7573384156266392,1.400898430450607,0.04088575859247862,25.248682695507267
9,0,2,extra,2,2,extra,0.5620906470663655,0.3159458955194855,2.4725417428321075,0.12736380562598407,21.948882837713864
9,0,2,extra,3,0,root,1.102811470088557,1.2161931385588842,2.216852682165767,0.10238407946719907,30.483155757495755
9,0,2,extra,3,1,extra,1.5440408836920536,2.384062250512537,0.9321444374640785,0.018101942756150492,69.42361092927587
9,0,2,extra,3,2,extra,1.0132263851130245,1.0266277074892072,2.391272107945758,0.11912879779665304,31.584376144219863
9,0,2,extra,4,0,root,1.1571537805263346,1.3390048717863883,2.1247781993151924,0.09405588325593979,28.981717164145067
9,0,2,extra,4,1,extra,1.5263141732312027,2.3296349554064495,0.9373361227778221,0.018304145980503343,67.20359573837456
9,0,2,extra,4,2,extra,1.0011572693639035,1.0023158780001875,2.2653618026718667,0.1069138353542652,28.059275145217434
9,1,0,root,1,1,extra,0.5390701387906587,0.29059661453578006,3.995408517447815,0.49885278816545486,2.5943776776090735
9,1,0,root,2,0,root,0.4766583177302151,0.22720315186139872,2.9192187130976794,0.26630743421561476,18.51785581409842
9,1,0,root,2,1,extra,0.8672137118776619,0.7520596220686324,2.175355581786169,0.1478803721002576,20.429780201559197
9,1,0,root,2,2,extra,0.6143484140088675,0.3774239737952109,2.150699788953732,0.14454717444392587,21.899278815540328
9,1,0,root,3,0,root,0.6515759636727184,0.42455123643603176,2.466628604841795,0.1901330210694931,25.01634362519797
9,1,0,root,3,1,extra,1.1064045046938618,1.2241309280068693,1.7941123047599052,0.10058871756534063,32.38019494830239
9,1,0,root,3,2,extra,0.8781757387032663,0.7711926280470276,1.967771083644147,0.12100384492581437,34.048336711867236
9,1,0,root,4,0,root,0.6855382212794625,0.46996265283500943,2.349902902157868,0.1725638640490616,28.162965072847285
9,1,0,root,4,1,extra,1.0903290363930234,1.1888174076017393,1.61452625584657,0.08145921971306075,42.86951849649425
9,1,0,root,4,2,extra,0.6672035993773958,0.44516064302215247,2.043390166772833,0.13048260542699702,27.797573232052592
9,1,1,extra,2,0,root,0.8474326313243666,0.7181420646333401,2.095583423765586,0.1372334339362843,21.441873654147265
9,1,1,extra,2,1,extra,1.2782845742366657,1.6340114527314138,1.4696408374138437,0.06749513096857698,24.384230724804574
9,1,1,extra,2,2,extra,0.5647913326140283,0.31898924939593,2.263138607536138,0.16005613615376907,21.865849551572325
9,1,1,extra,3,0,root,1.0389820696544438,1.0794837410634315,1.9919585336440742,0.1239968374924203,30.89645902285337
9,1,1,extra,3,1,extra,1.495975657416461,2.2379431675826127,1.090236326128285,0.037144226462803145,51.63537308218637
9,1,1,extra,3,2,extra,0.9469675107043144,0.8967474663295258,2.113546158447672,0.13959616762152854,33.11746839749761
9,1,1,extra,4,0,root,1.0934001964729192,1.1955239896470178,1.9238758600141381,0.11566557264828561,28.636413320566458
9,1,1,extra,4,1,extra,1.4796650653403134,2.189408705588553,0.9952152816411645,0.030951670525378186,60.026069588058746
9,1,1,extra,4,2,extra,0.9259252230808034,0.8573375187372354,1.982409017230097,0.12281079723734997,27.987980228542824
9,2,0,root,2,1,extra,0.5325763438109467,0.2836375619870355,4.507397065221411,0.42326308965763726,0.7275717866701705
9,2,0,root,2,2,extra,0.6177825362298424,0.38165526207057643,4.000628824547592,0.3334381456625217,1.256197739215129
9,2,0,root,3,0,root,0.4508960145414731,0.20330721592938428,3.1539637416813684,0.20723931841334864,22.77147240359771
9,2,0,root,3,1,extra,0.8270798326688835,0.6840610496075883,2.542698140380322,0.1346940381894489,29.011918248170332
9,2,0,root,3,2,extra,0.9868429502283308,0.9738590084153558,2.1818712441707158,0.09917837762789733,32.52606021869267
9,2,0,root,4,0,root,0.4276715302712751,0.18290293780457417,3.0508160193872973,0.19390579966979482,23.873983746143093
9,2,0,root,4,1,extra,0.8051077747454114,0.648198528955508,2.2424194150395462,0.10475926735304801,28.282241051811912
9,2,0,root,4,2,extra,0.6280768159804796,0.3944804867721771,2.3564983520649325,0.11568926006843218,30.071139321794202
9,2,1,extra,2,2,extra,1.0812630637380343,1.1691298130041605,3.3985224838120303,0.24062406402033107,1.2403233971019898
9,2,1,extra,3,0,root,0.5338188055402358,0.2849625171484039,3.006168128996816,0.18827180874575453,25.897632233501906
9,2,1,extra,3,1,extra,0.5119590409317,0.26210205959170607,2.644899931338676,0.14573949264156946,29.030445157487662
9,2,1,extra,3,2,extra,1.2859176825694023,1.6535842863446621,1.6998473910926206,0.060197524020924764,33.25318924913757
9,2,1,extra,4,0,root,0.5049298156045113,0.2549541186864059,2.6309934476717105,0.14421096920190565,26.33882872086726
9,2,1,extra,4,1,extra,0.507230999276819,0.25728328662736033,2.3905104491206375,0.11905292098656152,27.785016251333683
9,2,1,extra,4,2,extra,0.9061624031421756,0.8211303008684024,1.9810593685759303,0.081762421287968,35.02314992853729
9,2,2,extra,3,0,root,0.8988268298470187,0.8078896700528415,2.2530822102271024,0.10575790512587173,29.685044247510913
9,2,2,extra,3,1,extra,1.3277588639899012,1.762943600903753,1.558508338706294,0.05060308837118858,41.64008495703227
9,2,2,extra,3,2,extra,0.9587620644574941,0.9192246962427958,2.193596021853448,0.10024715639773485,33.215399108421835
9,2,2,extra,4,0,root,0.9299290555449978,0.8647680483468114,2.2265058142536285,0.10327766960219191,32.80383998291557
9,2,2,extra,4,1,extra,1.3035304438450448,1.6991916180308597,1.4205306607672108,0.04203973662874435,49.42893890016127
9,2,2,extra,4,2,extra,0.8314492656733941,0.6913078813888265,2.1840901101350494,0.09938020019145281,32.526343288026695
9,3,0,root,3,1,extra,0.659068197908347,0.43437088949415614,5.081112690832967,0.40340165901474745,0.628321173310374
9,3,0,root,3,2,extra,0.8594571974066746,0.7386666741741355,4.206734604619786,0.27650962552665015,0.44850956611958626
9,3,0,root,4,0,root,0.4241071628314473,0.17986688556493974,3.282093597221404,0.1683146622019021,24.20373168797536
9,3,0,root,4,1,extra,0.7108064748175301,0.5052458446425241,2.67786901642845,0.11204660108042927,29.1496331171292
9,3,0,root,4,2,extra,0.6791720966836723,0.4612747369136956,2.597682845691035,0.11246593611329124,29.556994400595872
9,3,1,extra,3,2,extra,1.4769327270921635,2.1813302803558954,1.6075303256063358,0.04037740230850018,9.024307818030321
9,3,1,extra,4,0,root,0.7183869785362845,0.5160798509304922,2.351766085914226,0.08641880816963005,29.64695719300002
9,3,1,extra,4,1,extra,0.5320036646975141,0.2830278992515851,2.418393634946546,0.09138480896171822,28.965456145434437
9,3,1,extra,4,2,extra,1.1270289673852245,1.2701942933254056,1.649323157164609,0.04533778127932391,47.03508842419049
9,3,2,extra,4,0,root,1.082287891624357,1.1713470803566957,2.110713680221375,0.06961112874802594,36.614102351358774
9,3,2,extra,4,1,extra,1.459139379426588,2.129087728593408,1.2639448094572445,0.02496182002115485,56.07512030102658
9,3,2,extra,4,2,extra,0.897854767539283,0.8061431835930196,2.3449363831550407,0.09164544401740408,36.009443882122184
9,4,0,root,4,1,extra,0.5938354935215754,0.35264059336601294,4.636854685029872,0.33594408390755426,0.38831423707719004
9,4,0,root,4,2,extra,0.5576907414869814,0.3110189631402991,4.78556842912371,0.3816944198304263,0.5221088389589629
9,4,1,extra,4,2,extra,1.0728531706274158,1.151013925725299,3.2065697668122133,0.17136816115723558,0.0


