split,alpha_reliability,beta_antihub,gamma_exposure,val_acc,fixed_val,broken_val,gain_val,accepted,reason
0,0.0,0.0,0.0,0.691358024691358,0,0,0.0,True,rejected
0,0.0,0.0,0.03,0.6817558299039781,8,15,-14.5,False,rejected
0,0.0,0.0,0.06,0.6790123456790124,14,23,-20.5,False,rejected
0,0.0,0.02,0.0,0.6844993141289437,3,8,-9.0,False,rejected
0,0.0,0.02,0.03,0.6776406035665294,8,18,-19.0,False,rejected
0,0.0,0.02,0.06,0.6748971193415638,15,27,-25.5,False,rejected
0,0.0,0.05,0.0,0.6748971193415638,7,19,-21.5,False,rejected
0,0.0,0.05,0.03,0.6776406035665294,13,23,-21.5,False,rejected
0,0.0,0.05,0.06,0.6652949245541838,15,34,-36.0,False,rejected
0,0.0,0.08,0.0,0.6611796982167353,14,36,-40.0,False,rejected
0,0.0,0.08,0.03,0.6735253772290809,21,34,-30.0,False,rejected
0,0.0,0.08,0.06,0.6584362139917695,18,42,-45.0,False,rejected
0,0.0,0.1,0.0,0.6556927297668038,19,45,-48.5,False,rejected
0,0.0,0.1,0.03,0.6611796982167353,22,44,-44.0,False,rejected
0,0.0,0.1,0.06,0.6460905349794238,17,50,-58.0,False,rejected
0,0.05,0.0,0.0,0.6899862825788752,10,11,-6.5,False,rejected
0,0.05,0.0,0.03,0.6748971193415638,9,21,-22.5,False,rejected
0,0.05,0.0,0.06,0.6776406035665294,17,27,-23.5,False,rejected
0,0.05,0.02,0.0,0.6803840877914952,8,16,-16.0,False,rejected
0,0.05,0.02,0.03,0.6803840877914952,11,19,-17.5,False,rejected
0,0.05,0.02,0.06,0.6735253772290809,16,29,-27.5,False,rejected
0,0.05,0.05,0.0,0.6707818930041153,13,28,-29.0,False,rejected
0,0.05,0.05,0.03,0.6762688614540466,16,27,-24.5,False,rejected
0,0.05,0.05,0.06,0.6721536351165981,18,32,-30.0,False,rejected
0,0.05,0.08,0.0,0.663923182441701,19,39,-39.5,False,rejected
0,0.05,0.08,0.03,0.6694101508916324,19,35,-33.5,False,rejected
0,0.05,0.08,0.06,0.6652949245541838,21,40,-39.0,False,rejected
0,0.05,0.1,0.0,0.654320987654321,20,47,-50.5,False,rejected
0,0.05,0.1,0.03,0.6570644718792867,21,46,-48.0,False,rejected
0,0.05,0.1,0.06,0.6529492455418381,22,50,-53.0,False,rejected
0,0.1,0.0,0.0,0.6844993141289437,19,24,-17.0,False,rejected
0,0.1,0.0,0.03,0.6803840877914952,15,23,-19.5,False,rejected
0,0.1,0.0,0.06,0.6776406035665294,21,31,-25.5,False,rejected
0,0.1,0.02,0.0,0.6790123456790124,17,26,-22.0,False,rejected
0,0.1,0.02,0.03,0.6790123456790124,17,26,-22.0,False,rejected
0,0.1,0.02,0.06,0.6748971193415638,20,32,-28.0,False,rejected
0,0.1,0.05,0.0,0.6652949245541838,16,35,-36.5,False,rejected
0,0.1,0.05,0.03,0.6762688614540466,18,29,-25.5,False,rejected
0,0.1,0.05,0.06,0.6666666666666666,19,37,-36.5,False,rejected
0,0.1,0.08,0.0,0.663923182441701,20,40,-40.0,False,rejected
0,0.1,0.08,0.03,0.6666666666666666,20,38,-37.0,False,rejected
0,0.1,0.08,0.06,0.6666666666666666,23,41,-38.5,False,rejected
0,0.1,0.1,0.0,0.6570644718792867,22,47,-48.5,False,rejected
0,0.1,0.1,0.03,0.6529492455418381,21,49,-52.5,False,rejected
0,0.1,0.1,0.06,0.6584362139917695,23,47,-47.5,False,rejected
0,0.15,0.0,0.0,0.6817558299039781,21,28,-21.0,False,rejected
0,0.15,0.0,0.03,0.6776406035665294,21,31,-25.5,False,rejected
0,0.15,0.0,0.06,0.6694101508916324,21,37,-34.5,False,rejected
0,0.15,0.02,0.0,0.6790123456790124,20,29,-23.5,False,rejected
0,0.15,0.02,0.03,0.6776406035665294,20,30,-25.0,False,rejected
0,0.15,0.02,0.06,0.6694101508916324,20,36,-34.0,False,rejected
0,0.15,0.05,0.0,0.6680384087791496,19,36,-35.0,False,rejected
0,0.15,0.05,0.03,0.6721536351165981,18,32,-30.0,False,rejected
0,0.15,0.05,0.06,0.663923182441701,20,40,-40.0,False,rejected
0,0.15,0.08,0.0,0.6611796982167353,20,42,-43.0,False,rejected
0,0.15,0.08,0.03,0.6666666666666666,21,39,-37.5,False,rejected
0,0.15,0.08,0.06,0.6611796982167353,20,42,-43.0,False,rejected
0,0.15,0.1,0.0,0.6598079561042524,23,46,-46.0,False,rejected
0,0.15,0.1,0.03,0.6556927297668038,23,49,-50.5,False,rejected
0,0.15,0.1,0.06,0.6556927297668038,23,49,-50.5,False,rejected
0,0.2,0.0,0.0,0.6776406035665294,23,33,-26.5,False,rejected
0,0.2,0.0,0.03,0.6790123456790124,25,34,-26.0,False,rejected
0,0.2,0.0,0.06,0.6735253772290809,25,38,-32.0,False,rejected
0,0.2,0.02,0.0,0.6735253772290809,24,37,-31.5,False,rejected
0,0.2,0.02,0.03,0.6735253772290809,23,36,-31.0,False,rejected
0,0.2,0.02,0.06,0.6694101508916324,21,37,-34.5,False,rejected
0,0.2,0.05,0.0,0.6707818930041153,24,39,-34.5,False,rejected
0,0.2,0.05,0.03,0.6652949245541838,20,39,-38.5,False,rejected
0,0.2,0.05,0.06,0.6625514403292181,22,43,-42.5,False,rejected
0,0.2,0.08,0.0,0.6625514403292181,24,45,-43.5,False,rejected
0,0.2,0.08,0.03,0.6680384087791496,21,38,-36.0,False,rejected
0,0.2,0.08,0.06,0.6625514403292181,22,43,-42.5,False,rejected
0,0.2,0.1,0.0,0.6611796982167353,27,49,-46.5,False,rejected
0,0.2,0.1,0.03,0.6598079561042524,23,46,-46.0,False,rejected
0,0.2,0.1,0.06,0.6556927297668038,24,50,-51.0,False,rejected
1,0.0,0.0,0.0,0.6721536351165981,0,0,0.0,True,rejected
1,0.0,0.0,0.03,0.654320987654321,3,16,-21.0,False,rejected
1,0.0,0.0,0.06,0.6488340192043895,8,25,-29.5,False,rejected
1,0.0,0.02,0.0,0.6721536351165981,6,6,-3.0,True,rejected
1,0.0,0.02,0.03,0.6611796982167353,12,20,-18.0,False,rejected
1,0.0,0.02,0.06,0.6556927297668038,15,27,-25.5,False,rejected
1,0.0,0.05,0.0,0.6707818930041153,16,17,-9.5,False,rejected
1,0.0,0.05,0.03,0.6584362139917695,18,28,-24.0,False,rejected
1,0.0,0.05,0.06,0.6488340192043895,17,34,-34.0,False,rejected
1,0.0,0.08,0.0,0.6680384087791496,20,23,-14.5,False,rejected
1,0.0,0.08,0.03,0.6556927297668038,22,34,-29.0,False,rejected
1,0.0,0.08,0.06,0.6529492455418381,22,36,-32.0,False,rejected
1,0.0,0.1,0.0,0.6556927297668038,22,34,-29.0,False,rejected
1,0.0,0.1,0.03,0.6529492455418381,25,39,-33.5,False,rejected
1,0.0,0.1,0.06,0.6502057613168725,23,39,-35.5,False,rejected
1,0.05,0.0,0.0,0.6584362139917695,7,17,-18.5,False,rejected
1,0.05,0.0,0.03,0.6570644718792867,7,18,-20.0,False,rejected
1,0.05,0.0,0.06,0.6460905349794238,12,31,-34.5,False,rejected
1,0.05,0.02,0.0,0.6598079561042524,13,22,-20.0,False,rejected
1,0.05,0.02,0.03,0.663923182441701,14,20,-16.0,False,rejected
1,0.05,0.02,0.06,0.644718792866941,15,35,-37.5,False,rejected
1,0.05,0.05,0.0,0.6529492455418381,16,30,-29.0,False,rejected
1,0.05,0.05,0.03,0.6584362139917695,18,28,-24.0,False,rejected
1,0.05,0.05,0.06,0.644718792866941,19,39,-39.5,False,rejected
1,0.05,0.08,0.0,0.6502057613168725,22,38,-35.0,False,rejected
1,0.05,0.08,0.03,0.6502057613168725,22,38,-35.0,False,rejected
1,0.05,0.08,0.06,0.6474622770919067,23,41,-38.5,False,rejected
1,0.05,0.1,0.0,0.6474622770919067,23,41,-38.5,False,rejected
1,0.05,0.1,0.03,0.6488340192043895,23,40,-37.0,False,rejected
1,0.05,0.1,0.06,0.6433470507544582,24,45,-43.5,False,rejected
1,0.1,0.0,0.0,0.644718792866941,18,38,-39.0,False,rejected
1,0.1,0.0,0.03,0.6515775034293553,14,29,-29.5,False,rejected
1,0.1,0.0,0.06,0.6556927297668038,15,27,-25.5,False,rejected
1,0.1,0.02,0.0,0.6460905349794238,19,38,-38.0,False,rejected
1,0.1,0.02,0.03,0.6515775034293553,18,33,-31.5,False,rejected
1,0.1,0.02,0.06,0.6556927297668038,19,31,-27.5,False,rejected
1,0.1,0.05,0.0,0.6460905349794238,24,43,-40.5,False,rejected
1,0.1,0.05,0.03,0.6488340192043895,21,38,-36.0,False,rejected
1,0.1,0.05,0.06,0.6474622770919067,20,38,-37.0,False,rejected
1,0.1,0.08,0.0,0.644718792866941,29,49,-44.5,False,rejected
1,0.1,0.08,0.03,0.6419753086419753,22,44,-44.0,False,rejected
1,0.1,0.08,0.06,0.644718792866941,22,42,-41.0,False,rejected
1,0.1,0.1,0.0,0.6460905349794238,32,51,-44.5,False,rejected
1,0.1,0.1,0.03,0.644718792866941,25,45,-42.5,False,rejected
1,0.1,0.1,0.06,0.6392318244170097,22,46,-47.0,False,rejected
1,0.15,0.0,0.0,0.6323731138545954,22,51,-54.5,False,rejected
1,0.15,0.0,0.03,0.6433470507544582,21,42,-42.0,False,rejected
1,0.15,0.0,0.06,0.6460905349794238,21,40,-39.0,False,rejected
1,0.15,0.02,0.0,0.6337448559670782,23,51,-53.5,False,rejected
1,0.15,0.02,0.03,0.6488340192043895,26,43,-38.5,False,rejected
1,0.15,0.02,0.06,0.644718792866941,22,42,-41.0,False,rejected
1,0.15,0.05,0.0,0.6392318244170097,31,55,-51.5,False,rejected
1,0.15,0.05,0.03,0.6433470507544582,29,50,-46.0,False,rejected
1,0.15,0.05,0.06,0.6419753086419753,25,47,-45.5,False,rejected
1,0.15,0.08,0.0,0.6378600823045267,34,59,-54.5,False,rejected
1,0.15,0.08,0.03,0.6502057613168725,36,52,-42.0,False,rejected
1,0.15,0.08,0.06,0.6392318244170097,28,52,-50.0,False,rejected
1,0.15,0.1,0.0,0.6392318244170097,36,60,-54.0,False,rejected
1,0.15,0.1,0.03,0.6474622770919067,37,55,-45.5,False,rejected
1,0.15,0.1,0.06,0.6406035665294925,30,53,-49.5,False,rejected
1,0.2,0.0,0.0,0.6255144032921811,31,65,-66.5,False,rejected
1,0.2,0.0,0.03,0.635116598079561,29,56,-55.0,False,rejected
1,0.2,0.0,0.06,0.6378600823045267,28,53,-51.5,False,rejected
1,0.2,0.02,0.0,0.6282578875171467,33,65,-64.5,False,rejected
1,0.2,0.02,0.03,0.6337448559670782,32,60,-58.0,False,rejected
1,0.2,0.02,0.06,0.6378600823045267,32,57,-53.5,False,rejected
1,0.2,0.05,0.0,0.6310013717421125,38,68,-64.0,False,rejected
1,0.2,0.05,0.03,0.6323731138545954,36,65,-61.5,False,rejected
1,0.2,0.05,0.06,0.635116598079561,36,63,-58.5,False,rejected
1,0.2,0.08,0.0,0.6227709190672154,39,75,-73.5,False,rejected
1,0.2,0.08,0.03,0.6323731138545954,39,68,-63.0,False,rejected
1,0.2,0.08,0.06,0.6378600823045267,39,64,-57.0,False,rejected
1,0.2,0.1,0.0,0.6227709190672154,42,78,-75.0,False,rejected
1,0.2,0.1,0.03,0.6310013717421125,41,71,-65.5,False,rejected
1,0.2,0.1,0.06,0.635116598079561,42,69,-61.5,False,rejected
2,0.0,0.0,0.0,0.7091906721536351,0,0,0.0,True,rejected
2,0.0,0.0,0.03,0.6954732510288066,6,16,-18.0,False,rejected
2,0.0,0.0,0.06,0.6886145404663924,11,26,-28.0,False,rejected
2,0.0,0.02,0.0,0.6968449931412894,1,10,-14.0,False,rejected
2,0.0,0.02,0.03,0.6941015089163237,6,17,-19.5,False,rejected
2,0.0,0.02,0.06,0.6831275720164609,12,31,-34.5,False,rejected
2,0.0,0.05,0.0,0.6886145404663924,5,20,-25.0,False,rejected
2,0.0,0.05,0.03,0.6886145404663924,8,23,-26.5,False,rejected
2,0.0,0.05,0.06,0.6831275720164609,12,31,-34.5,False,rejected
2,0.0,0.08,0.0,0.6844993141289437,15,33,-34.5,False,rejected
2,0.0,0.08,0.03,0.6817558299039781,13,33,-36.5,False,rejected
2,0.0,0.08,0.06,0.6721536351165981,12,39,-46.5,False,rejected
2,0.0,0.1,0.0,0.6817558299039781,16,36,-38.0,False,rejected
2,0.0,0.1,0.03,0.6844993141289437,18,36,-36.0,False,rejected
2,0.0,0.1,0.06,0.6748971193415638,15,40,-45.0,False,rejected
2,0.05,0.0,0.0,0.7037037037037037,6,10,-9.0,False,rejected
2,0.05,0.0,0.03,0.6995884773662552,9,16,-15.0,False,rejected
2,0.05,0.0,0.06,0.691358024691358,15,28,-27.0,False,rejected
2,0.05,0.02,0.0,0.6954732510288066,7,17,-18.5,False,rejected
2,0.05,0.02,0.03,0.691358024691358,9,22,-24.0,False,rejected
2,0.05,0.02,0.06,0.6831275720164609,12,31,-34.5,False,rejected
2,0.05,0.05,0.0,0.6872427983539094,12,28,-30.0,False,rejected
2,0.05,0.05,0.03,0.6844993141289437,11,29,-32.5,False,rejected
2,0.05,0.05,0.06,0.6748971193415638,12,37,-43.5,False,rejected
2,0.05,0.08,0.0,0.6817558299039781,16,36,-38.0,False,rejected
2,0.05,0.08,0.03,0.6858710562414266,15,32,-33.0,False,rejected
2,0.05,0.08,0.06,0.6817558299039781,15,35,-37.5,False,rejected
2,0.05,0.1,0.0,0.6803840877914952,19,40,-41.0,False,rejected
2,0.05,0.1,0.03,0.6776406035665294,17,40,-43.0,False,rejected
2,0.05,0.1,0.06,0.6817558299039781,17,37,-38.5,False,rejected
2,0.1,0.0,0.0,0.6899862825788752,10,24,-26.0,False,rejected
2,0.1,0.0,0.03,0.6899862825788752,14,28,-28.0,False,rejected
2,0.1,0.0,0.06,0.6803840877914952,17,38,-40.0,False,rejected
2,0.1,0.02,0.0,0.6927297668038409,13,25,-24.5,False,rejected
2,0.1,0.02,0.03,0.6927297668038409,15,27,-25.5,False,rejected
2,0.1,0.02,0.06,0.6776406035665294,16,39,-42.5,False,rejected
2,0.1,0.05,0.0,0.6844993141289437,14,32,-34.0,False,rejected
2,0.1,0.05,0.03,0.6872427983539094,14,30,-31.0,False,rejected
2,0.1,0.05,0.06,0.6776406035665294,17,40,-43.0,False,rejected
2,0.1,0.08,0.0,0.6858710562414266,20,37,-35.5,False,rejected
2,0.1,0.08,0.03,0.6790123456790124,17,39,-41.5,False,rejected
2,0.1,0.08,0.06,0.6790123456790124,19,41,-42.5,False,rejected
2,0.1,0.1,0.0,0.6844993141289437,24,42,-39.0,False,rejected
2,0.1,0.1,0.03,0.6803840877914952,20,41,-41.5,False,rejected
2,0.1,0.1,0.06,0.6762688614540466,20,44,-46.0,False,rejected
2,0.15,0.0,0.0,0.6790123456790124,16,38,-41.0,False,rejected
2,0.15,0.0,0.03,0.6831275720164609,17,36,-37.0,False,rejected
2,0.15,0.0,0.06,0.6707818930041153,17,45,-50.5,False,rejected
2,0.15,0.02,0.0,0.6790123456790124,15,37,-40.5,False,rejected
2,0.15,0.02,0.03,0.6790123456790124,15,37,-40.5,False,rejected
2,0.15,0.02,0.06,0.6707818930041153,18,46,-51.0,False,rejected
2,0.15,0.05,0.0,0.6817558299039781,18,38,-39.0,False,rejected
2,0.15,0.05,0.03,0.6790123456790124,19,41,-42.5,False,rejected
2,0.15,0.05,0.06,0.6790123456790124,20,42,-43.0,False,rejected
2,0.15,0.08,0.0,0.6803840877914952,21,42,-42.0,False,rejected
2,0.15,0.08,0.03,0.6762688614540466,21,45,-46.5,False,rejected
2,0.15,0.08,0.06,0.6680384087791496,20,50,-55.0,False,rejected
2,0.15,0.1,0.0,0.6803840877914952,24,45,-43.5,False,rejected
2,0.15,0.1,0.03,0.6762688614540466,22,46,-47.0,False,rejected
2,0.15,0.1,0.06,0.6680384087791496,21,51,-55.5,False,rejected
2,0.2,0.0,0.0,0.6748971193415638,19,44,-47.0,False,rejected
2,0.2,0.0,0.03,0.6790123456790124,19,41,-42.5,False,rejected
2,0.2,0.0,0.06,0.6721536351165981,20,47,-50.5,False,rejected
2,0.2,0.02,0.0,0.6748971193415638,18,43,-46.5,False,rejected
2,0.2,0.02,0.03,0.6707818930041153,16,44,-50.0,False,rejected
2,0.2,0.02,0.06,0.6721536351165981,19,46,-50.0,False,rejected
2,0.2,0.05,0.0,0.6721536351165981,20,47,-50.5,False,rejected
2,0.2,0.05,0.03,0.6721536351165981,21,48,-51.0,False,rejected
2,0.2,0.05,0.06,0.6694101508916324,21,50,-54.0,False,rejected
2,0.2,0.08,0.0,0.6735253772290809,25,51,-51.5,False,rejected
2,0.2,0.08,0.03,0.6707818930041153,22,50,-53.0,False,rejected
2,0.2,0.08,0.06,0.663923182441701,21,54,-60.0,False,rejected
2,0.2,0.1,0.0,0.6748971193415638,27,52,-51.0,False,rejected
2,0.2,0.1,0.03,0.6680384087791496,24,54,-57.0,False,rejected
2,0.2,0.1,0.06,0.6556927297668038,21,60,-69.0,False,rejected
3,0.0,0.0,0.0,0.700960219478738,0,0,0.0,True,rejected
3,0.0,0.0,0.03,0.6954732510288066,8,12,-10.0,False,rejected
3,0.0,0.0,0.06,0.6941015089163237,23,28,-19.0,False,rejected
3,0.0,0.02,0.0,0.6941015089163237,3,8,-9.0,False,rejected
3,0.0,0.02,0.03,0.6954732510288066,8,12,-10.0,False,rejected
3,0.0,0.02,0.06,0.6954732510288066,22,26,-17.0,False,rejected
3,0.0,0.05,0.0,0.6776406035665294,5,22,-28.0,False,rejected
3,0.0,0.05,0.03,0.6872427983539094,15,25,-22.5,False,rejected
3,0.0,0.05,0.06,0.6831275720164609,21,34,-30.0,False,rejected
3,0.0,0.08,0.0,0.6748971193415638,10,29,-33.5,False,rejected
3,0.0,0.08,0.03,0.6790123456790124,17,33,-32.5,False,rejected
3,0.0,0.08,0.06,0.6776406035665294,24,41,-37.5,False,rejected
3,0.0,0.1,0.0,0.6721536351165981,12,33,-37.5,False,rejected
3,0.0,0.1,0.03,0.6707818930041153,18,40,-42.0,False,rejected
3,0.0,0.1,0.06,0.6721536351165981,26,47,-44.5,False,rejected
3,0.05,0.0,0.0,0.6982167352537723,10,12,-8.0,False,rejected
3,0.05,0.0,0.03,0.6995884773662552,13,14,-8.0,False,rejected
3,0.05,0.0,0.06,0.700960219478738,27,27,-13.5,True,rejected
3,0.05,0.02,0.0,0.6899862825788752,7,15,-15.5,False,rejected
3,0.05,0.02,0.03,0.6982167352537723,12,14,-9.0,False,rejected
3,0.05,0.02,0.06,0.6941015089163237,23,28,-19.0,False,rejected
3,0.05,0.05,0.0,0.6762688614540466,9,27,-31.5,False,rejected
3,0.05,0.05,0.03,0.6927297668038409,15,21,-16.5,False,rejected
3,0.05,0.05,0.06,0.6872427983539094,22,32,-26.0,False,rejected
3,0.05,0.08,0.0,0.6666666666666666,13,38,-44.0,False,rejected
3,0.05,0.08,0.03,0.6762688614540466,16,34,-35.0,False,rejected
3,0.05,0.08,0.06,0.6735253772290809,22,42,-41.0,False,rejected
3,0.05,0.1,0.0,0.663923182441701,15,42,-48.0,False,rejected
3,0.05,0.1,0.03,0.6707818930041153,19,41,-42.5,False,rejected
3,0.05,0.1,0.06,0.6694101508916324,26,49,-47.5,False,rejected
3,0.1,0.0,0.0,0.7023319615912208,17,16,-7.0,True,val_improved
3,0.1,0.0,0.03,0.6995884773662552,19,20,-11.0,False,rejected
3,0.1,0.0,0.06,0.6954732510288066,26,30,-19.0,False,rejected
3,0.1,0.02,0.0,0.6982167352537723,15,17,-10.5,False,rejected
3,0.1,0.02,0.03,0.6927297668038409,15,21,-16.5,False,rejected
3,0.1,0.02,0.06,0.6858710562414266,21,32,-27.0,False,rejected
3,0.1,0.05,0.0,0.6872427983539094,16,26,-23.0,False,rejected
3,0.1,0.05,0.03,0.6872427983539094,18,28,-24.0,False,rejected
3,0.1,0.05,0.06,0.6817558299039781,22,36,-32.0,False,rejected
3,0.1,0.08,0.0,0.6776406035665294,18,35,-34.5,False,rejected
3,0.1,0.08,0.03,0.6776406035665294,20,37,-35.5,False,rejected
3,0.1,0.08,0.06,0.6707818930041153,23,45,-44.5,False,rejected
3,0.1,0.1,0.0,0.6721536351165981,21,42,-42.0,False,rejected
3,0.1,0.1,0.03,0.6666666666666666,22,47,-48.5,False,rejected
3,0.1,0.1,0.06,0.6611796982167353,24,53,-55.5,False,rejected
3,0.15,0.0,0.0,0.6968449931412894,21,24,-15.0,False,rejected
3,0.15,0.0,0.03,0.700960219478738,26,26,-13.0,True,rejected
3,0.15,0.0,0.06,0.6844993141289437,25,37,-30.5,False,rejected
3,0.15,0.02,0.0,0.6982167352537723,22,24,-14.0,False,rejected
3,0.15,0.02,0.03,0.6995884773662552,27,28,-15.0,False,rejected
3,0.15,0.02,0.06,0.6899862825788752,26,34,-25.0,False,rejected
3,0.15,0.05,0.0,0.6817558299039781,19,33,-30.5,False,rejected
3,0.15,0.05,0.03,0.6872427983539094,24,34,-27.0,False,rejected
3,0.15,0.05,0.06,0.6762688614540466,24,42,-39.0,False,rejected
3,0.15,0.08,0.0,0.6762688614540466,20,38,-37.0,False,rejected
3,0.15,0.08,0.03,0.6776406035665294,26,43,-38.5,False,rejected
3,0.15,0.08,0.06,0.6666666666666666,25,50,-50.0,False,rejected
3,0.15,0.1,0.0,0.6680384087791496,21,45,-46.5,False,rejected
3,0.15,0.1,0.03,0.6707818930041153,27,49,-46.5,False,rejected
3,0.15,0.1,0.06,0.6598079561042524,25,55,-57.5,False,rejected
3,0.2,0.0,0.0,0.6927297668038409,24,30,-21.0,False,rejected
3,0.2,0.0,0.03,0.6982167352537723,27,29,-16.5,False,rejected
3,0.2,0.0,0.06,0.6886145404663924,27,36,-27.0,False,rejected
3,0.2,0.02,0.0,0.6954732510288066,25,29,-18.5,False,rejected
3,0.2,0.02,0.03,0.6982167352537723,30,32,-18.0,False,rejected
3,0.2,0.02,0.06,0.6886145404663924,27,36,-27.0,False,rejected
3,0.2,0.05,0.0,0.6844993141289437,25,37,-30.5,False,rejected
3,0.2,0.05,0.03,0.6844993141289437,27,39,-31.5,False,rejected
3,0.2,0.05,0.06,0.6817558299039781,28,42,-35.0,False,rejected
3,0.2,0.08,0.0,0.6748971193415638,24,43,-40.5,False,rejected
3,0.2,0.08,0.03,0.6735253772290809,26,46,-43.0,False,rejected
3,0.2,0.08,0.06,0.6680384087791496,28,52,-50.0,False,rejected
3,0.2,0.1,0.0,0.6694101508916324,25,48,-47.0,False,rejected
3,0.2,0.1,0.03,0.6680384087791496,27,51,-49.5,False,rejected
3,0.2,0.1,0.06,0.663923182441701,28,55,-54.5,False,rejected
4,0.0,0.0,0.0,0.7050754458161865,0,0,0.0,True,rejected
4,0.0,0.0,0.03,0.7050754458161865,10,10,-5.0,True,rejected
4,0.0,0.0,0.06,0.691358024691358,13,23,-21.5,False,rejected
4,0.0,0.02,0.0,0.6941015089163237,2,10,-13.0,False,rejected
4,0.0,0.02,0.03,0.700960219478738,8,11,-8.5,False,rejected
4,0.0,0.02,0.06,0.6899862825788752,14,25,-23.5,False,rejected
4,0.0,0.05,0.0,0.6790123456790124,7,26,-32.0,False,rejected
4,0.0,0.05,0.03,0.6831275720164609,8,24,-28.0,False,rejected
4,0.0,0.05,0.06,0.6666666666666666,10,38,-47.0,False,rejected
4,0.0,0.08,0.0,0.6748971193415638,14,36,-40.0,False,rejected
4,0.0,0.08,0.03,0.6652949245541838,12,41,-49.5,False,rejected
4,0.0,0.08,0.06,0.654320987654321,13,50,-62.0,False,rejected
4,0.0,0.1,0.0,0.663923182441701,16,46,-53.0,False,rejected
4,0.0,0.1,0.03,0.654320987654321,15,52,-63.0,False,rejected
4,0.0,0.1,0.06,0.6474622770919067,16,58,-71.0,False,rejected
4,0.05,0.0,0.0,0.6968449931412894,6,12,-12.0,False,rejected
4,0.05,0.0,0.03,0.7037037037037037,11,12,-7.0,False,rejected
4,0.05,0.0,0.06,0.6982167352537723,17,22,-16.0,False,rejected
4,0.05,0.02,0.0,0.6872427983539094,3,16,-21.0,False,rejected
4,0.05,0.02,0.03,0.6954732510288066,9,16,-15.0,False,rejected
4,0.05,0.02,0.06,0.6844993141289437,14,29,-29.5,False,rejected
4,0.05,0.05,0.0,0.6817558299039781,9,26,-30.0,False,rejected
4,0.05,0.05,0.03,0.6803840877914952,8,26,-31.0,False,rejected
4,0.05,0.05,0.06,0.6707818930041153,12,37,-43.5,False,rejected
4,0.05,0.08,0.0,0.6721536351165981,14,38,-43.0,False,rejected
4,0.05,0.08,0.03,0.6611796982167353,12,44,-54.0,False,rejected
4,0.05,0.08,0.06,0.654320987654321,11,48,-61.0,False,rejected
4,0.05,0.1,0.0,0.663923182441701,14,44,-52.0,False,rejected
4,0.05,0.1,0.03,0.654320987654321,14,51,-62.5,False,rejected
4,0.05,0.1,0.06,0.6460905349794238,13,56,-71.0,False,rejected
4,0.1,0.0,0.0,0.6858710562414266,12,26,-27.0,False,rejected
4,0.1,0.0,0.03,0.6886145404663924,13,25,-24.5,False,rejected
4,0.1,0.0,0.06,0.6858710562414266,17,31,-29.5,False,rejected
4,0.1,0.02,0.0,0.6858710562414266,7,21,-24.5,False,rejected
4,0.1,0.02,0.03,0.6886145404663924,11,23,-23.5,False,rejected
4,0.1,0.02,0.06,0.6817558299039781,14,31,-32.5,False,rejected
4,0.1,0.05,0.0,0.6735253772290809,10,33,-39.5,False,rejected
4,0.1,0.05,0.03,0.6735253772290809,9,32,-39.0,False,rejected
4,0.1,0.05,0.06,0.6625514403292181,12,43,-52.5,False,rejected
4,0.1,0.08,0.0,0.6584362139917695,10,44,-56.0,False,rejected
4,0.1,0.08,0.03,0.6529492455418381,10,48,-62.0,False,rejected
4,0.1,0.08,0.06,0.6529492455418381,10,48,-62.0,False,rejected
4,0.1,0.1,0.0,0.6598079561042524,14,47,-56.5,False,rejected
4,0.1,0.1,0.03,0.6488340192043895,13,54,-68.0,False,rejected
4,0.1,0.1,0.06,0.6433470507544582,12,57,-73.5,False,rejected
4,0.15,0.0,0.0,0.6748971193415638,13,35,-39.5,False,rejected
4,0.15,0.0,0.03,0.6790123456790124,15,34,-36.0,False,rejected
4,0.15,0.0,0.06,0.6858710562414266,22,36,-32.0,False,rejected
4,0.15,0.02,0.0,0.6721536351165981,11,35,-41.5,False,rejected
4,0.15,0.02,0.03,0.6748971193415638,11,33,-38.5,False,rejected
4,0.15,0.02,0.06,0.6748971193415638,15,37,-40.5,False,rejected
4,0.15,0.05,0.0,0.6611796982167353,7,39,-51.5,False,rejected
4,0.15,0.05,0.03,0.6666666666666666,10,38,-47.0,False,rejected
4,0.15,0.05,0.06,0.6625514403292181,12,43,-52.5,False,rejected
4,0.15,0.08,0.0,0.6584362139917695,9,43,-55.5,False,rejected
4,0.15,0.08,0.03,0.6515775034293553,9,48,-63.0,False,rejected
4,0.15,0.08,0.06,0.654320987654321,12,49,-61.5,False,rejected
4,0.15,0.1,0.0,0.6556927297668038,14,50,-61.0,False,rejected
4,0.15,0.1,0.03,0.644718792866941,13,57,-72.5,False,rejected
4,0.15,0.1,0.06,0.6460905349794238,13,56,-71.0,False,rejected
4,0.2,0.0,0.0,0.6707818930041153,18,43,-46.5,False,rejected
4,0.2,0.0,0.03,0.6721536351165981,20,44,-46.0,False,rejected
4,0.2,0.0,0.06,0.6735253772290809,23,46,-46.0,False,rejected
4,0.2,0.02,0.0,0.6611796982167353,12,44,-54.0,False,rejected
4,0.2,0.02,0.03,0.6666666666666666,16,44,-50.0,False,rejected
4,0.2,0.02,0.06,0.6735253772290809,17,40,-43.0,False,rejected
4,0.2,0.05,0.0,0.6625514403292181,11,42,-52.0,False,rejected
4,0.2,0.05,0.03,0.6529492455418381,11,49,-62.5,False,rejected
4,0.2,0.05,0.06,0.6515775034293553,12,51,-64.5,False,rejected
4,0.2,0.08,0.0,0.654320987654321,12,49,-61.5,False,rejected
4,0.2,0.08,0.03,0.6433470507544582,10,55,-72.5,False,rejected
4,0.2,0.08,0.06,0.6502057613168725,12,52,-66.0,False,rejected
4,0.2,0.1,0.0,0.6515775034293553,14,53,-65.5,False,rejected
4,0.2,0.1,0.03,0.6392318244170097,13,61,-78.5,False,rejected
4,0.2,0.1,0.06,0.6433470507544582,14,59,-74.5,False,rejected
5,0.0,0.0,0.0,0.7187928669410151,0,0,0.0,True,rejected
5,0.0,0.0,0.03,0.7160493827160493,7,9,-6.5,False,rejected
5,0.0,0.0,0.06,0.7050754458161865,10,20,-20.0,False,rejected
5,0.0,0.02,0.0,0.710562414266118,4,10,-11.0,False,rejected
5,0.0,0.02,0.03,0.710562414266118,8,14,-13.0,False,rejected
5,0.0,0.02,0.06,0.7023319615912208,11,23,-23.5,False,rejected
5,0.0,0.05,0.0,0.6995884773662552,11,25,-26.5,False,rejected
5,0.0,0.05,0.03,0.6995884773662552,11,25,-26.5,False,rejected
5,0.0,0.05,0.06,0.6886145404663924,12,34,-39.0,False,rejected
5,0.0,0.08,0.0,0.6844993141289437,15,40,-45.0,False,rejected
5,0.0,0.08,0.03,0.691358024691358,15,35,-37.5,False,rejected
5,0.0,0.08,0.06,0.6817558299039781,15,42,-48.0,False,rejected
5,0.0,0.1,0.0,0.6790123456790124,21,50,-54.0,False,rejected
5,0.0,0.1,0.03,0.6680384087791496,17,54,-64.0,False,rejected
5,0.0,0.1,0.06,0.6721536351165981,18,52,-60.0,False,rejected
5,0.05,0.0,0.0,0.710562414266118,2,8,-10.0,False,rejected
5,0.05,0.0,0.03,0.7174211248285323,7,8,-5.0,False,rejected
5,0.05,0.0,0.06,0.7064471879286695,9,18,-18.0,False,rejected
5,0.05,0.02,0.0,0.7037037037037037,5,16,-19.0,False,rejected
5,0.05,0.02,0.03,0.7078189300411523,8,16,-16.0,False,rejected
5,0.05,0.02,0.06,0.6982167352537723,11,26,-28.0,False,rejected
5,0.05,0.05,0.0,0.6995884773662552,12,26,-27.0,False,rejected
5,0.05,0.05,0.03,0.7023319615912208,11,23,-23.5,False,rejected
5,0.05,0.05,0.06,0.691358024691358,13,33,-36.5,False,rejected
5,0.05,0.08,0.0,0.6941015089163237,19,37,-36.5,False,rejected
5,0.05,0.08,0.03,0.6954732510288066,17,34,-34.0,False,rejected
5,0.05,0.08,0.06,0.6858710562414266,15,39,-43.5,False,rejected
5,0.05,0.1,0.0,0.6817558299039781,23,50,-52.0,False,rejected
5,0.05,0.1,0.03,0.6735253772290809,18,51,-58.5,False,rejected
5,0.05,0.1,0.06,0.6694101508916324,17,53,-62.5,False,rejected
5,0.1,0.0,0.0,0.7064471879286695,8,17,-17.5,False,rejected
5,0.1,0.0,0.03,0.7119341563786008,9,14,-12.0,False,rejected
5,0.1,0.0,0.06,0.7091906721536351,13,20,-17.0,False,rejected
5,0.1,0.02,0.0,0.7064471879286695,11,20,-19.0,False,rejected
5,0.1,0.02,0.03,0.7064471879286695,10,19,-18.5,False,rejected
5,0.1,0.02,0.06,0.6982167352537723,12,27,-28.5,False,rejected
5,0.1,0.05,0.0,0.7050754458161865,19,29,-24.5,False,rejected
5,0.1,0.05,0.03,0.700960219478738,13,26,-26.0,False,rejected
5,0.1,0.05,0.06,0.6941015089163237,15,33,-34.5,False,rejected
5,0.1,0.08,0.0,0.6968449931412894,25,41,-36.5,False,rejected
5,0.1,0.08,0.03,0.6886145404663924,17,39,-41.5,False,rejected
5,0.1,0.08,0.06,0.6817558299039781,16,43,-48.5,False,rejected
5,0.1,0.1,0.0,0.6844993141289437,28,53,-51.5,False,rejected
5,0.1,0.1,0.03,0.6790123456790124,22,51,-54.5,False,rejected
5,0.1,0.1,0.06,0.6776406035665294,18,48,-54.0,False,rejected
5,0.15,0.0,0.0,0.7064471879286695,13,22,-20.0,False,rejected
5,0.15,0.0,0.03,0.7133058984910837,13,17,-12.5,False,rejected
5,0.15,0.0,0.06,0.7037037037037037,14,25,-23.5,False,rejected
5,0.15,0.02,0.0,0.700960219478738,14,27,-26.5,False,rejected
5,0.15,0.02,0.03,0.7091906721536351,14,21,-17.5,False,rejected
5,0.15,0.02,0.06,0.700960219478738,13,26,-26.0,False,rejected
5,0.15,0.05,0.0,0.700960219478738,19,32,-29.0,False,rejected
5,0.15,0.05,0.03,0.6995884773662552,19,33,-30.5,False,rejected
5,0.15,0.05,0.06,0.6927297668038409,16,35,-36.5,False,rejected
5,0.15,0.08,0.0,0.691358024691358,25,45,-42.5,False,rejected
5,0.15,0.08,0.03,0.691358024691358,21,41,-40.5,False,rejected
5,0.15,0.08,0.06,0.6844993141289437,18,43,-46.5,False,rejected
5,0.15,0.1,0.0,0.6831275720164609,27,53,-52.5,False,rejected
5,0.15,0.1,0.03,0.6803840877914952,24,52,-54.0,False,rejected
5,0.15,0.1,0.06,0.6762688614540466,19,50,-56.0,False,rejected
5,0.2,0.0,0.0,0.7078189300411523,21,29,-22.5,False,rejected
5,0.2,0.0,0.03,0.7091906721536351,16,23,-18.5,False,rejected
5,0.2,0.0,0.06,0.7064471879286695,18,27,-22.5,False,rejected
5,0.2,0.02,0.0,0.700960219478738,20,33,-29.5,False,rejected
5,0.2,0.02,0.03,0.7078189300411523,21,29,-22.5,False,rejected
5,0.2,0.02,0.06,0.6968449931412894,16,32,-32.0,False,rejected
5,0.2,0.05,0.0,0.6927297668038409,24,43,-40.5,False,rejected
5,0.2,0.05,0.03,0.6995884773662552,23,37,-32.5,False,rejected
5,0.2,0.05,0.06,0.6927297668038409,20,39,-38.5,False,rejected
5,0.2,0.08,0.0,0.6886145404663924,28,50,-47.0,False,rejected
5,0.2,0.08,0.03,0.6886145404663924,24,46,-45.0,False,rejected
5,0.2,0.08,0.06,0.6831275720164609,22,48,-50.0,False,rejected
5,0.2,0.1,0.0,0.6817558299039781,30,57,-55.5,False,rejected
5,0.2,0.1,0.03,0.6803840877914952,26,54,-55.0,False,rejected
5,0.2,0.1,0.06,0.6776406035665294,22,52,-56.0,False,rejected
6,0.0,0.0,0.0,0.6899862825788752,0,0,0.0,True,rejected
6,0.0,0.0,0.03,0.6899862825788752,7,7,-3.5,True,rejected
6,0.0,0.0,0.06,0.6872427983539094,16,18,-11.0,False,rejected
6,0.0,0.02,0.0,0.6899862825788752,0,0,0.0,True,rejected
6,0.0,0.02,0.03,0.6899862825788752,7,7,-3.5,True,rejected
6,0.0,0.02,0.06,0.6872427983539094,16,18,-11.0,False,rejected
6,0.0,0.05,0.0,0.6899862825788752,0,0,0.0,True,rejected
6,0.0,0.05,0.03,0.6899862825788752,7,7,-3.5,True,rejected
6,0.0,0.05,0.06,0.6872427983539094,16,18,-11.0,False,rejected
6,0.0,0.08,0.0,0.6899862825788752,0,0,0.0,True,rejected
6,0.0,0.08,0.03,0.6899862825788752,7,7,-3.5,True,rejected
6,0.0,0.08,0.06,0.6872427983539094,16,18,-11.0,False,rejected
6,0.0,0.1,0.0,0.6899862825788752,0,0,0.0,True,rejected
6,0.0,0.1,0.03,0.6899862825788752,7,7,-3.5,True,rejected
6,0.0,0.1,0.06,0.6872427983539094,16,18,-11.0,False,rejected
6,0.05,0.0,0.0,0.6899862825788752,9,9,-4.5,True,rejected
6,0.05,0.0,0.03,0.6886145404663924,10,11,-6.5,False,rejected
6,0.05,0.0,0.06,0.6858710562414266,17,20,-13.0,False,rejected
6,0.05,0.02,0.0,0.6899862825788752,9,9,-4.5,True,rejected
6,0.05,0.02,0.03,0.6886145404663924,10,11,-6.5,False,rejected
6,0.05,0.02,0.06,0.6858710562414266,17,20,-13.0,False,rejected
6,0.05,0.05,0.0,0.6899862825788752,9,9,-4.5,True,rejected
6,0.05,0.05,0.03,0.6886145404663924,10,11,-6.5,False,rejected
6,0.05,0.05,0.06,0.6858710562414266,17,20,-13.0,False,rejected
6,0.05,0.08,0.0,0.6899862825788752,9,9,-4.5,True,rejected
6,0.05,0.08,0.03,0.6886145404663924,10,11,-6.5,False,rejected
6,0.05,0.08,0.06,0.6858710562414266,17,20,-13.0,False,rejected
6,0.05,0.1,0.0,0.6899862825788752,9,9,-4.5,True,rejected
6,0.05,0.1,0.03,0.6886145404663924,10,11,-6.5,False,rejected
6,0.05,0.1,0.06,0.6858710562414266,17,20,-13.0,False,rejected
6,0.1,0.0,0.0,0.6899862825788752,11,11,-5.5,True,rejected
6,0.1,0.0,0.03,0.6899862825788752,16,16,-8.0,True,rejected
6,0.1,0.0,0.06,0.6927297668038409,21,19,-7.5,True,val_improved
6,0.1,0.02,0.0,0.6899862825788752,11,11,-5.5,True,rejected
6,0.1,0.02,0.03,0.6899862825788752,16,16,-8.0,True,rejected
6,0.1,0.02,0.06,0.6927297668038409,21,19,-7.5,True,val_improved
6,0.1,0.05,0.0,0.6899862825788752,11,11,-5.5,True,rejected
6,0.1,0.05,0.03,0.6899862825788752,16,16,-8.0,True,rejected
6,0.1,0.05,0.06,0.6927297668038409,21,19,-7.5,True,val_improved
6,0.1,0.08,0.0,0.6899862825788752,11,11,-5.5,True,rejected
6,0.1,0.08,0.03,0.6899862825788752,16,16,-8.0,True,rejected
6,0.1,0.08,0.06,0.6927297668038409,21,19,-7.5,True,val_improved
6,0.1,0.1,0.0,0.6899862825788752,11,11,-5.5,True,rejected
6,0.1,0.1,0.03,0.6899862825788752,16,16,-8.0,True,rejected
6,0.1,0.1,0.06,0.6927297668038409,21,19,-7.5,True,val_improved
6,0.15,0.0,0.0,0.6899862825788752,15,15,-7.5,True,rejected
6,0.15,0.0,0.03,0.6941015089163237,19,16,-5.0,True,val_improved
6,0.15,0.0,0.06,0.6899862825788752,21,21,-10.5,True,rejected
6,0.15,0.02,0.0,0.6899862825788752,15,15,-7.5,True,rejected
6,0.15,0.02,0.03,0.6941015089163237,19,16,-5.0,True,val_improved
6,0.15,0.02,0.06,0.6899862825788752,21,21,-10.5,True,rejected
6,0.15,0.05,0.0,0.6899862825788752,15,15,-7.5,True,rejected
6,0.15,0.05,0.03,0.6941015089163237,19,16,-5.0,True,val_improved
6,0.15,0.05,0.06,0.6899862825788752,21,21,-10.5,True,rejected
6,0.15,0.08,0.0,0.6899862825788752,15,15,-7.5,True,rejected
6,0.15,0.08,0.03,0.6941015089163237,19,16,-5.0,True,val_improved
6,0.15,0.08,0.06,0.6899862825788752,21,21,-10.5,True,rejected
6,0.15,0.1,0.0,0.6899862825788752,15,15,-7.5,True,rejected
6,0.15,0.1,0.03,0.6941015089163237,19,16,-5.0,True,val_improved
6,0.15,0.1,0.06,0.6899862825788752,21,21,-10.5,True,rejected
6,0.2,0.0,0.0,0.6899862825788752,20,20,-10.0,True,rejected
6,0.2,0.0,0.03,0.6899862825788752,20,20,-10.0,True,rejected
6,0.2,0.0,0.06,0.6872427983539094,24,26,-15.0,False,rejected
6,0.2,0.02,0.0,0.6899862825788752,20,20,-10.0,True,rejected
6,0.2,0.02,0.03,0.6899862825788752,20,20,-10.0,True,rejected
6,0.2,0.02,0.06,0.6872427983539094,24,26,-15.0,False,rejected
6,0.2,0.05,0.0,0.6899862825788752,20,20,-10.0,True,rejected
6,0.2,0.05,0.03,0.6899862825788752,20,20,-10.0,True,rejected
6,0.2,0.05,0.06,0.6872427983539094,24,26,-15.0,False,rejected
6,0.2,0.08,0.0,0.6899862825788752,20,20,-10.0,True,rejected
6,0.2,0.08,0.03,0.6899862825788752,20,20,-10.0,True,rejected
6,0.2,0.08,0.06,0.6872427983539094,24,26,-15.0,False,rejected
6,0.2,0.1,0.0,0.6899862825788752,20,20,-10.0,True,rejected
6,0.2,0.1,0.03,0.6899862825788752,20,20,-10.0,True,rejected
6,0.2,0.1,0.06,0.6872427983539094,24,26,-15.0,False,rejected
7,0.0,0.0,0.0,0.6652949245541838,0,0,0.0,True,rejected
7,0.0,0.0,0.03,0.6584362139917695,7,12,-11.0,False,rejected
7,0.0,0.0,0.06,0.663923182441701,15,16,-9.0,False,rejected
7,0.0,0.02,0.0,0.6598079561042524,6,10,-9.0,False,rejected
7,0.0,0.02,0.03,0.6598079561042524,12,16,-12.0,False,rejected
7,0.0,0.02,0.06,0.6611796982167353,19,22,-14.0,False,rejected
7,0.0,0.05,0.0,0.6460905349794238,13,27,-27.5,False,rejected
7,0.0,0.05,0.03,0.644718792866941,17,32,-31.0,False,rejected
7,0.0,0.05,0.06,0.6474622770919067,18,31,-28.5,False,rejected
7,0.0,0.08,0.0,0.6433470507544582,21,37,-34.5,False,rejected
7,0.0,0.08,0.03,0.6378600823045267,21,41,-40.5,False,rejected
7,0.0,0.08,0.06,0.6433470507544582,24,40,-36.0,False,rejected
7,0.0,0.1,0.0,0.6337448559670782,22,45,-45.5,False,rejected
7,0.0,0.1,0.03,0.6337448559670782,23,46,-46.0,False,rejected
7,0.0,0.1,0.06,0.6406035665294925,25,43,-39.5,False,rejected
7,0.05,0.0,0.0,0.6625514403292181,4,6,-5.0,False,rejected
7,0.05,0.0,0.03,0.6584362139917695,10,15,-12.5,False,rejected
7,0.05,0.0,0.06,0.6598079561042524,19,23,-15.5,False,rejected
7,0.05,0.02,0.0,0.6556927297668038,5,12,-13.0,False,rejected
7,0.05,0.02,0.03,0.6652949245541838,11,11,-5.5,True,rejected
7,0.05,0.02,0.06,0.6611796982167353,20,23,-14.5,False,rejected
7,0.05,0.05,0.0,0.6460905349794238,16,30,-29.0,False,rejected
7,0.05,0.05,0.03,0.6502057613168725,18,29,-25.5,False,rejected
7,0.05,0.05,0.06,0.6502057613168725,21,32,-27.0,False,rejected
7,0.05,0.08,0.0,0.6474622770919067,25,38,-32.0,False,rejected
7,0.05,0.08,0.03,0.6433470507544582,21,37,-34.5,False,rejected
7,0.05,0.08,0.06,0.644718792866941,25,40,-35.0,False,rejected
7,0.05,0.1,0.0,0.635116598079561,26,48,-46.0,False,rejected
7,0.05,0.1,0.03,0.6406035665294925,23,41,-38.5,False,rejected
7,0.05,0.1,0.06,0.6419753086419753,27,44,-39.0,False,rejected
7,0.1,0.0,0.0,0.6570644718792867,9,15,-13.5,False,rejected
7,0.1,0.0,0.03,0.663923182441701,17,18,-10.0,False,rejected
7,0.1,0.0,0.06,0.6584362139917695,23,28,-19.0,False,rejected
7,0.1,0.02,0.0,0.6529492455418381,8,17,-17.5,False,rejected
7,0.1,0.02,0.03,0.6611796982167353,15,18,-12.0,False,rejected
7,0.1,0.02,0.06,0.6556927297668038,19,26,-20.0,False,rejected
7,0.1,0.05,0.0,0.6433470507544582,17,33,-32.5,False,rejected
7,0.1,0.05,0.03,0.6474622770919067,18,31,-28.5,False,rejected
7,0.1,0.05,0.06,0.6502057613168725,22,33,-27.5,False,rejected
7,0.1,0.08,0.0,0.6364883401920439,25,46,-44.0,False,rejected
7,0.1,0.08,0.03,0.6406035665294925,23,41,-38.5,False,rejected
7,0.1,0.08,0.06,0.6392318244170097,25,44,-41.0,False,rejected
7,0.1,0.1,0.0,0.635116598079561,27,49,-46.5,False,rejected
7,0.1,0.1,0.03,0.6364883401920439,25,46,-44.0,False,rejected
7,0.1,0.1,0.06,0.6337448559670782,25,48,-47.0,False,rejected
7,0.15,0.0,0.0,0.6515775034293553,15,25,-22.5,False,rejected
7,0.15,0.0,0.03,0.6694101508916324,23,20,-7.0,True,val_improved
7,0.15,0.0,0.06,0.6584362139917695,27,32,-21.0,False,rejected
7,0.15,0.02,0.0,0.6460905349794238,14,28,-28.0,False,rejected
7,0.15,0.02,0.03,0.6625514403292181,21,23,-13.5,False,rejected
7,0.15,0.02,0.06,0.6556927297668038,22,29,-21.5,False,rejected
7,0.15,0.05,0.0,0.635116598079561,19,41,-42.5,False,rejected
7,0.15,0.05,0.03,0.6460905349794238,22,36,-32.0,False,rejected
7,0.15,0.05,0.06,0.6419753086419753,23,40,-37.0,False,rejected
7,0.15,0.08,0.0,0.6296296296296297,27,53,-52.5,False,rejected
7,0.15,0.08,0.03,0.6337448559670782,26,49,-47.5,False,rejected
7,0.15,0.08,0.06,0.635116598079561,27,49,-46.5,False,rejected
7,0.15,0.1,0.0,0.6255144032921811,29,58,-58.0,False,rejected
7,0.15,0.1,0.03,0.6337448559670782,30,53,-49.5,False,rejected
7,0.15,0.1,0.06,0.6296296296296297,28,54,-53.0,False,rejected
7,0.2,0.0,0.0,0.644718792866941,17,32,-31.0,False,rejected
7,0.2,0.0,0.03,0.6598079561042524,25,29,-18.5,False,rejected
7,0.2,0.0,0.06,0.654320987654321,29,37,-26.5,False,rejected
7,0.2,0.02,0.0,0.644718792866941,18,33,-31.5,False,rejected
7,0.2,0.02,0.03,0.6570644718792867,24,30,-21.0,False,rejected
7,0.2,0.02,0.06,0.6570644718792867,28,34,-23.0,False,rejected
7,0.2,0.05,0.0,0.6282578875171467,19,46,-50.0,False,rejected
7,0.2,0.05,0.03,0.6406035665294925,23,41,-38.5,False,rejected
7,0.2,0.05,0.06,0.6419753086419753,27,44,-39.0,False,rejected
7,0.2,0.08,0.0,0.6241426611796982,27,57,-58.5,False,rejected
7,0.2,0.08,0.03,0.6255144032921811,26,55,-56.5,False,rejected
7,0.2,0.08,0.06,0.6310013717421125,29,54,-52.0,False,rejected
7,0.2,0.1,0.0,0.6268861454046639,32,60,-58.0,False,rejected
7,0.2,0.1,0.03,0.6227709190672154,29,60,-61.0,False,rejected
7,0.2,0.1,0.06,0.6255144032921811,31,60,-59.0,False,rejected
8,0.0,0.0,0.0,0.7146776406035665,0,0,0.0,True,rejected
8,0.0,0.0,0.03,0.7187928669410151,12,9,-1.5,True,val_improved
8,0.0,0.0,0.06,0.7037037037037037,16,24,-20.0,False,rejected
8,0.0,0.02,0.0,0.7091906721536351,7,11,-9.5,False,rejected
8,0.0,0.02,0.03,0.7119341563786008,15,17,-10.5,False,rejected
8,0.0,0.02,0.06,0.7050754458161865,17,24,-19.0,False,rejected
8,0.0,0.05,0.0,0.7023319615912208,11,20,-19.0,False,rejected
8,0.0,0.05,0.03,0.6982167352537723,15,27,-25.5,False,rejected
8,0.0,0.05,0.06,0.6954732510288066,19,33,-30.5,False,rejected
8,0.0,0.08,0.0,0.6968449931412894,20,33,-29.5,False,rejected
8,0.0,0.08,0.03,0.6858710562414266,17,38,-40.0,False,rejected
8,0.0,0.08,0.06,0.6831275720164609,22,45,-45.5,False,rejected
8,0.0,0.1,0.0,0.691358024691358,21,38,-36.0,False,rejected
8,0.0,0.1,0.03,0.6844993141289437,20,42,-43.0,False,rejected
8,0.0,0.1,0.06,0.6831275720164609,25,48,-47.0,False,rejected
8,0.05,0.0,0.0,0.710562414266118,3,6,-6.0,False,rejected
8,0.05,0.0,0.03,0.7091906721536351,9,13,-10.5,False,rejected
8,0.05,0.0,0.06,0.7078189300411523,16,21,-15.5,False,rejected
8,0.05,0.02,0.0,0.700960219478738,4,14,-17.0,False,rejected
8,0.05,0.02,0.03,0.7050754458161865,10,17,-15.5,False,rejected
8,0.05,0.02,0.06,0.7037037037037037,17,25,-20.5,False,rejected
8,0.05,0.05,0.0,0.7037037037037037,10,18,-17.0,False,rejected
8,0.05,0.05,0.03,0.7078189300411523,17,22,-16.0,False,rejected
8,0.05,0.05,0.06,0.6954732510288066,19,33,-30.5,False,rejected
8,0.05,0.08,0.0,0.6982167352537723,17,29,-26.5,False,rejected
8,0.05,0.08,0.03,0.6858710562414266,17,38,-40.0,False,rejected
8,0.05,0.08,0.06,0.6858710562414266,19,40,-41.0,False,rejected
8,0.05,0.1,0.0,0.7023319615912208,24,33,-25.5,False,rejected
8,0.05,0.1,0.03,0.6872427983539094,21,41,-40.5,False,rejected
8,0.05,0.1,0.06,0.6844993141289437,23,45,-44.5,False,rejected
8,0.1,0.0,0.0,0.700960219478738,6,16,-18.0,False,rejected
8,0.1,0.0,0.03,0.7050754458161865,10,17,-15.5,False,rejected
8,0.1,0.0,0.06,0.7064471879286695,15,21,-16.5,False,rejected
8,0.1,0.02,0.0,0.7023319615912208,7,16,-17.0,False,rejected
8,0.1,0.02,0.03,0.7023319615912208,9,18,-18.0,False,rejected
8,0.1,0.02,0.06,0.7078189300411523,18,23,-16.5,False,rejected
8,0.1,0.05,0.0,0.700960219478738,10,20,-20.0,False,rejected
8,0.1,0.05,0.03,0.7023319615912208,13,22,-20.0,False,rejected
8,0.1,0.05,0.06,0.6954732510288066,19,33,-30.5,False,rejected
8,0.1,0.08,0.0,0.6982167352537723,13,25,-24.5,False,rejected
8,0.1,0.08,0.03,0.700960219478738,18,28,-24.0,False,rejected
8,0.1,0.08,0.06,0.6858710562414266,20,41,-41.5,False,rejected
8,0.1,0.1,0.0,0.6968449931412894,18,31,-28.5,False,rejected
8,0.1,0.1,0.03,0.6872427983539094,18,38,-39.0,False,rejected
8,0.1,0.1,0.06,0.6817558299039781,21,45,-46.5,False,rejected
8,0.15,0.0,0.0,0.6995884773662552,11,22,-22.0,False,rejected
8,0.15,0.0,0.03,0.7023319615912208,13,22,-20.0,False,rejected
8,0.15,0.0,0.06,0.7037037037037037,15,23,-19.5,False,rejected
8,0.15,0.02,0.0,0.6968449931412894,9,22,-24.0,False,rejected
8,0.15,0.02,0.03,0.7050754458161865,13,20,-17.0,False,rejected
8,0.15,0.02,0.06,0.7037037037037037,17,25,-20.5,False,rejected
8,0.15,0.05,0.0,0.6968449931412894,10,23,-24.5,False,rejected
8,0.15,0.05,0.03,0.6968449931412894,11,24,-25.0,False,rejected
8,0.15,0.05,0.06,0.6954732510288066,18,32,-30.0,False,rejected
8,0.15,0.08,0.0,0.6954732510288066,12,26,-27.0,False,rejected
8,0.15,0.08,0.03,0.6954732510288066,15,29,-28.5,False,rejected
8,0.15,0.08,0.06,0.6954732510288066,21,35,-31.5,False,rejected
8,0.15,0.1,0.0,0.6899862825788752,15,33,-34.5,False,rejected
8,0.15,0.1,0.03,0.6899862825788752,16,34,-35.0,False,rejected
8,0.15,0.1,0.06,0.6872427983539094,22,42,-41.0,False,rejected
8,0.2,0.0,0.0,0.700960219478738,19,29,-24.5,False,rejected
8,0.2,0.0,0.03,0.7037037037037037,20,28,-22.0,False,rejected
8,0.2,0.0,0.06,0.7037037037037037,19,27,-21.5,False,rejected
8,0.2,0.02,0.0,0.700960219478738,15,25,-22.5,False,rejected
8,0.2,0.02,0.03,0.7023319615912208,14,23,-20.5,False,rejected
8,0.2,0.02,0.06,0.6982167352537723,16,28,-26.0,False,rejected
8,0.2,0.05,0.0,0.6954732510288066,13,27,-27.5,False,rejected
8,0.2,0.05,0.03,0.6941015089163237,13,28,-29.0,False,rejected
8,0.2,0.05,0.06,0.6968449931412894,17,30,-28.0,False,rejected
8,0.2,0.08,0.0,0.6872427983539094,12,32,-36.0,False,rejected
8,0.2,0.08,0.03,0.6927297668038409,14,30,-31.0,False,rejected
8,0.2,0.08,0.06,0.6927297668038409,19,35,-33.5,False,rejected
8,0.2,0.1,0.0,0.6844993141289437,13,35,-39.5,False,rejected
8,0.2,0.1,0.03,0.6831275720164609,14,37,-41.5,False,rejected
8,0.2,0.1,0.06,0.6941015089163237,22,37,-33.5,False,rejected
9,0.0,0.0,0.0,0.6982167352537723,0,0,0.0,True,rejected
9,0.0,0.0,0.03,0.6817558299039781,4,16,-20.0,False,rejected
9,0.0,0.0,0.06,0.6872427983539094,15,23,-19.5,False,rejected
9,0.0,0.02,0.0,0.6927297668038409,3,7,-7.5,False,rejected
9,0.0,0.02,0.03,0.6844993141289437,11,21,-20.5,False,rejected
9,0.0,0.02,0.06,0.6844993141289437,17,27,-23.5,False,rejected
9,0.0,0.05,0.0,0.6803840877914952,7,20,-23.0,False,rejected
9,0.0,0.05,0.03,0.6899862825788752,18,24,-18.0,False,rejected
9,0.0,0.05,0.06,0.6817558299039781,20,32,-28.0,False,rejected
9,0.0,0.08,0.0,0.6748971193415638,18,35,-34.5,False,rejected
9,0.0,0.08,0.03,0.6844993141289437,22,32,-26.0,False,rejected
9,0.0,0.08,0.06,0.6680384087791496,24,46,-45.0,False,rejected
9,0.0,0.1,0.0,0.6694101508916324,22,43,-42.5,False,rejected
9,0.0,0.1,0.03,0.6735253772290809,22,40,-38.0,False,rejected
9,0.0,0.1,0.06,0.6598079561042524,24,52,-54.0,False,rejected
9,0.05,0.0,0.0,0.6968449931412894,3,4,-3.0,False,rejected
9,0.05,0.0,0.03,0.6886145404663924,9,16,-15.0,False,rejected
9,0.05,0.0,0.06,0.6858710562414266,15,24,-21.0,False,rejected
9,0.05,0.02,0.0,0.6899862825788752,4,10,-11.0,False,rejected
9,0.05,0.02,0.03,0.6899862825788752,13,19,-15.5,False,rejected
9,0.05,0.02,0.06,0.6858710562414266,17,26,-22.0,False,rejected
9,0.05,0.05,0.0,0.6831275720164609,14,25,-23.5,False,rejected
9,0.05,0.05,0.03,0.6899862825788752,21,27,-19.5,False,rejected
9,0.05,0.05,0.06,0.6735253772290809,22,40,-38.0,False,rejected
9,0.05,0.08,0.0,0.6721536351165981,20,39,-38.5,False,rejected
9,0.05,0.08,0.03,0.6748971193415638,21,38,-36.0,False,rejected
9,0.05,0.08,0.06,0.6652949245541838,22,46,-47.0,False,rejected
9,0.05,0.1,0.0,0.6652949245541838,22,46,-47.0,False,rejected
9,0.05,0.1,0.03,0.6652949245541838,21,45,-46.5,False,rejected
9,0.05,0.1,0.06,0.6570644718792867,23,53,-56.5,False,rejected
9,0.1,0.0,0.0,0.691358024691358,6,11,-10.5,False,rejected
9,0.1,0.0,0.03,0.6886145404663924,12,19,-16.5,False,rejected
9,0.1,0.0,0.06,0.6831275720164609,16,27,-24.5,False,rejected
9,0.1,0.02,0.0,0.6844993141289437,8,18,-19.0,False,rejected
9,0.1,0.02,0.03,0.6858710562414266,13,22,-20.0,False,rejected
9,0.1,0.02,0.06,0.6735253772290809,17,35,-35.5,False,rejected
9,0.1,0.05,0.0,0.6762688614540466,18,34,-33.0,False,rejected
9,0.1,0.05,0.03,0.6803840877914952,21,34,-30.0,False,rejected
9,0.1,0.05,0.06,0.6694101508916324,23,44,-43.0,False,rejected
9,0.1,0.08,0.0,0.663923182441701,22,47,-48.5,False,rejected
9,0.1,0.08,0.03,0.6666666666666666,22,45,-45.5,False,rejected
9,0.1,0.08,0.06,0.654320987654321,23,55,-59.5,False,rejected
9,0.1,0.1,0.0,0.654320987654321,25,57,-60.5,False,rejected
9,0.1,0.1,0.03,0.6556927297668038,21,52,-57.0,False,rejected
9,0.1,0.1,0.06,0.6556927297668038,24,55,-58.5,False,rejected
9,0.15,0.0,0.0,0.6776406035665294,10,25,-27.5,False,rejected
9,0.15,0.0,0.03,0.6776406035665294,12,27,-28.5,False,rejected
9,0.15,0.0,0.06,0.6721536351165981,16,35,-36.5,False,rejected
9,0.15,0.02,0.0,0.6748971193415638,13,30,-32.0,False,rejected
9,0.15,0.02,0.03,0.6790123456790124,14,28,-28.0,False,rejected
9,0.15,0.02,0.06,0.6680384087791496,19,41,-42.5,False,rejected
9,0.15,0.05,0.0,0.6625514403292181,15,41,-46.5,False,rejected
9,0.15,0.05,0.03,0.6707818930041153,16,36,-38.0,False,rejected
9,0.15,0.05,0.06,0.6584362139917695,18,47,-52.5,False,rejected
9,0.15,0.08,0.0,0.6598079561042524,25,53,-54.5,False,rejected
9,0.15,0.08,0.03,0.6584362139917695,21,50,-54.0,False,rejected
9,0.15,0.08,0.06,0.6556927297668038,24,55,-58.5,False,rejected
9,0.15,0.1,0.0,0.6502057613168725,25,60,-65.0,False,rejected
9,0.15,0.1,0.03,0.6515775034293553,25,59,-63.5,False,rejected
9,0.15,0.1,0.06,0.6488340192043895,24,60,-66.0,False,rejected
9,0.2,0.0,0.0,0.6694101508916324,16,37,-39.5,False,rejected
9,0.2,0.0,0.03,0.6748971193415638,17,34,-34.0,False,rejected
9,0.2,0.0,0.06,0.6611796982167353,19,46,-50.0,False,rejected
9,0.2,0.02,0.0,0.6584362139917695,16,45,-51.5,False,rejected
9,0.2,0.02,0.03,0.6680384087791496,16,38,-41.0,False,rejected
9,0.2,0.02,0.06,0.6556927297668038,17,48,-55.0,False,rejected
9,0.2,0.05,0.0,0.654320987654321,17,49,-56.5,False,rejected
9,0.2,0.05,0.03,0.6584362139917695,18,47,-52.5,False,rejected
9,0.2,0.05,0.06,0.6529492455418381,20,53,-59.5,False,rejected
9,0.2,0.08,0.0,0.6488340192043895,25,61,-66.5,False,rejected
9,0.2,0.08,0.03,0.6502057613168725,24,59,-64.5,False,rejected
9,0.2,0.08,0.06,0.6502057613168725,23,58,-64.0,False,rejected
9,0.2,0.1,0.0,0.6323731138545954,23,71,-83.5,False,rejected
9,0.2,0.1,0.03,0.635116598079561,22,68,-80.0,False,rejected
9,0.2,0.1,0.06,0.6378600823045267,23,67,-77.5,False,rejected


